,Unnamed: 0,make_model,body_type,price,vat,km,hp,type,gearing_type,displacement,fuel,co2_emission,comfort&convenience,entertainment&media,extras,safety&security,gears,age_of_car,Inspection,warranty_,cons_comb,cons_city,cons_country,co2_emission6,Upholstery_Type
142,142,Audi A1,Sedans,18200,VAT deductible,16500.0,85.0,Used,Automatic,,Benzine,,"Air conditioning,Air suspension,Armrest,Automatic climate control,Auxiliary heating,Cruise control,Electrical side mirrors,Hill Holder,Leather steering wheel,Light sensor,Lumbar support,Multi-function steering wheel,Navigation system,Park Distance Control,Parking assist system sensors front,Parking assist system sensors rear,Power windows,Rain sensor,Split rear seats,Start-stop system,Tinted windows,Wind deflector","['Bluetooth', 'CD player', 'Digital radio', 'Hands-free equipment', 'MP3', 'On-board computer', 'Radio', 'USB']","['Alloy wheels', 'Catalytic Converter', 'Shift paddles', 'Sport package', 'Sport suspension', 'Voice Control']","['ABS', 'Adaptive Cruise Control', 'Adaptive headlights', 'Alarm system', 'Central door lock', 'Central door lock with remote control', 'Daytime running lights', 'Driver drowsiness detection', 'Driver-side airbag', 'Electronic stability control', 'Emergency system', 'Fog lights', 'Head airbag', 'Isofix', 'LED Daytime Running Lights', 'LED Headlights', 'Night view assist', 'Passenger-side airbag', 'Power steering', 'Rear airbag', 'Side airbag', 'Tire pressure monitoring system', 'Traction control', 'Xenon headlights']",6.0,1.0,No,,,,,,Cloth
767,767,Audi A1,Sedans,20900,,15097.0,70.0,Used,Automatic,,other_fuel,,"Air conditioning,Automatic climate control,Cruise control",['On-board computer'],,['Electronic stability control'],,1.0,No,,,,,,
980,980,Audi A1,Compact,21100,,,85.0,New,Automatic,,other_fuel,,"Air conditioning,Heads-up display,Power windows,Split rear seats",['Radio'],['Alloy wheels'],"['ABS', 'Alarm system', 'Central door lock', 'Driver-side airbag', 'Fog lights', 'Immobilizer', 'Power steering', 'Side airbag', 'Tire pressure monitoring system', 'Traction control']",6.0,,No,,,,,,
1937,1937,Audi A1,Compact,28490,VAT deductible,,85.0,New,Automatic,,other_fuel,110.0,"Air conditioning,Armrest,Automatic climate control,Cruise control,Electrical side mirrors,Hill Holder,Leather steering wheel,Light sensor,Multi-function steering wheel,Park Distance Control,Parking assist system sensors rear,Power windows,Rain sensor,Seat heating,Start-stop system",['Sound system'],['Alloy wheels'],"['Daytime running lights', 'Driver-side airbag', 'Electronic stability control', 'Immobilizer', 'Lane departure warning system', 'LED Headlights', 'Passenger-side airbag', 'Power steering', 'Side airbag', 'Tire pressure monitoring system']",,,No,,4.0,5.9,4.2,110.0,Cloth
1951,1951,Audi A1,Compact,27980,VAT deductible,,85.0,New,Automatic,,other_fuel,110.0,"Air conditioning,Armrest,Automatic climate control,Cruise control,Electrical side mirrors,Hill Holder,Leather steering wheel,Light sensor,Multi-function steering wheel,Park Distance Control,Parking assist system sensors rear,Power windows,Rain sensor,Seat heating,Start-stop system",['Sound system'],['Alloy wheels'],"['Daytime running lights', 'Driver-side airbag', 'Electronic stability control', 'Immobilizer', 'Lane departure warning system', 'LED Headlights', 'Passenger-side airbag', 'Power steering', 'Side airbag', 'Tire pressure monitoring system']",,,No,,4.0,5.9,4.2,110.0,Cloth
2402,2402,Audi A1,Compact,17780,VAT deductible,,70.0,New,Manual,,other_fuel,97.0,"Air conditioning,Automatic climate control,Electrical side mirrors,Power windows",['Radio'],,"['ABS', 'Central door lock', 'Daytime running lights', 'Driver-side airbag', 'Electronic stability control', 'Immobilizer', 'Passenger-side airbag', 'Power steering', 'Side airbag', 'Tire pressure monitoring system', 'Traction control']",,,No,,4.0,5.0,3.7,97.0,
3012,3012,Audi A3,Other,15500,,30005.0,81.0,Used,Manual,,Benzine,,,,,"['ABS', 'Passenger-side airbag']",,3.0,No,,,,,,
3913,3913,Audi A3,Sedans,20440,,24000.0,9.0,Used,Automatic,,Benzine,,,,,,,2.0,No,,,,,,
3976,3976,Audi A3,Station wagon,19900,VAT deductible,32000.0,81.0,Employee's car,Automatic,,Benzine,,"Air conditioning,Armrest,Cruise control,Electrical side mirrors,Hill Holder,Leather steering wheel,Light sensor,Multi-function steering wheel,Navigation system,Park Distance Control,Parking assist system sensors front,Parking assist system sensors rear,Power windows,Rain sensor,Seat heating,Split rear seats","['Bluetooth', 'CD player', 'Digital radio', 'Hands-free equipment', 'MP3', 'On-board computer', 'Radio', 'Sound system', 'USB']","['Alloy wheels', 'Catalytic Converter', 'Sport seats']","['ABS', 'Alarm system', 'Central door lock', 'Daytime running lights', 'Driver-side airbag', 'Electronic stability control', 'Fog lights', 'Head airbag', 'Immobilizer', 'Isofix', 'LED Daytime Running Lights', 'LED Headlights', 'Passenger-side airbag', 'Power steering', 'Rear airbag', 'Side airbag', 'Tire pressure monitoring system', 'Traffic sign recognition', 'Xenon headlights']",6.0,1.0,No,,,,,,Cloth
4090,4090,Audi A3,Sedans,19500,,32000.0,85.0,Used,Manual,,Benzine,,"Air conditioning,Armrest,Automatic climate control,Leather steering wheel,Multi-function steering wheel,Navigation system,Start-stop system","['Bluetooth', 'CD player', 'Hands-free equipment', 'Radio', 'USB']","['Alloy wheels', 'Sport package', 'Sport seats', 'Sport suspension', 'Voice Control']","['ABS', 'Electronic stability control', 'Power steering']",,2.0,No,,,,,,
4206,4206,Audi A3,,18490,,20000.0,92.0,Used,Manual,,other_fuel,117.0,Air conditioning,,,"['ABS', 'Central door lock', 'Daytime running lights', 'Driver-side airbag', 'Fog lights', 'Isofix', 'Passenger-side airbag', 'Side airbag']",,2.0,No,,5.0,6.7,4.1,117.0,
4219,4219,Audi A3,Station wagon,18400,,28500.0,85.0,Used,Manual,,Benzine,,"Armrest,Cruise control,Electrical side mirrors,Leather steering wheel,Light sensor,Multi-function steering wheel,Navigation system,Parking assist system sensors rear,Power windows,Rain sensor,Seat heating,Split rear seats,Start-stop system","['Bluetooth', 'CD player', 'Hands-free equipment', 'On-board computer', 'Radio']","['Alloy wheels', 'Roof rack', 'Sport package', 'Sport seats', 'Sport suspension', 'Trailer hitch', 'Voice Control']","['ABS', 'Adaptive headlights', 'Central door lock', 'Driver drowsiness detection', 'Driver-side airbag', 'Electronic stability control', 'Head airbag', 'Immobilizer', 'Isofix', 'Passenger-side airbag', 'Power steering', 'Rear airbag', 'Side airbag', 'Tire pressure monitoring system', 'Traction control']",6.0,2.0,No,,,,,,Cloth
4297,4297,Audi A3,,17990,,20000.0,92.0,Used,Manual,,other_fuel,117.0,Air conditioning,,,"['ABS', 'Central door lock', 'Daytime running lights', 'Driver-side airbag', 'Fog lights', 'Isofix', 'Passenger-side airbag', 'Side airbag']",,2.0,No,,5.0,6.7,4.1,117.0,
4298,4298,Audi A3,,17990,,20000.0,92.0,Used,Manual,,other_fuel,117.0,Air conditioning,,,"['ABS', 'Central door lock', 'Daytime running lights', 'Driver-side airbag', 'Fog lights', 'Isofix', 'Passenger-side airbag', 'Side airbag']",,2.0,No,,5.0,6.7,4.1,117.0,
4427,4427,Audi A3,Sedans,19900,VAT deductible,12900.0,85.0,Employee's car,Manual,,Benzine,,"Cruise control,Multi-function steering wheel,Navigation system,Park Distance Control,Parking assist system sensors front,Parking assist system sensors rear,Rain sensor,Seat heating",['USB'],,"['Central door lock', 'Central door lock with remote control', 'Driver-side airbag', 'Head airbag', 'Passenger-side airbag', 'Power steering', 'Rear airbag', 'Side airbag']",,1.0,No,,,,,,
4576,4576,Audi A3,Station wagon,23400,VAT deductible,10800.0,85.0,Used,Automatic,,Benzine,,"Air conditioning,Armrest,Automatic climate control,Cruise control,Electrical side mirrors,Hill Holder,Keyless central door lock,Leather steering wheel,Light sensor,Multi-function steering wheel,Navigation system,Panorama roof,Park Distance Control,Parking assist system camera,Parking assist system sensors front,Parking assist system sensors rear,Power windows,Rain sensor,Seat heating,Split rear seats,Start-stop system","['Bluetooth', 'CD player', 'Digital radio', 'Hands-free equipment', 'MP3', 'On-board computer', 'Radio', 'Sound system', 'USB']","['Alloy wheels', 'Catalytic Converter', 'Roof rack', 'Shift paddles', 'Ski bag', 'Sport package', 'Sport seats', 'Sport suspension', 'Touch screen', 'Voice Control']","['ABS', 'Adaptive headlights', 'Blind spot monitor', 'Central door lock', 'Daytime running lights', 'Driver drowsiness detection', 'Driver-side airbag', 'Electronic stability control', 'Emergency brake assistant', 'Emergency system', 'Fog lights', 'Immobilizer', 'Isofix', 'Lane departure warning system', 'LED Daytime Running Lights', 'LED Headlights', 'Passenger-side airbag', 'Power steering', 'Side airbag', 'Tire pressure monitoring system', 'Traction control', 'Xenon headlights']",,1.0,No,,,,,,
4769,4769,Audi A3,Sedans,21500,VAT deductible,12000.0,85.0,Used,Manual,,Benzine,,,,,,,1.0,No,,,,,,
4811,4811,Audi A3,Sedans,21478,VAT deductible,8604.0,85.0,Used,Manual,,Benzine,107.0,"Air conditioning,Armrest,Automatic climate control,Cruise control,Electrical side mirrors,Hill Holder,Leather steering wheel,Light sensor,Multi-function steering wheel,Navigation system,Park Distance Control,Parking assist system sensors rear,Power windows,Rain sensor,Seat heating,Start-stop system","['Bluetooth', 'CD player', 'Digital radio', 'Hands-free equipment', 'MP3', 'On-board computer', 'Radio', 'Sound system']","['Alloy wheels', 'Sport seats', 'Sport suspension', 'Trailer hitch']","['ABS', 'Adaptive headlights', 'Central door lock', 'Daytime running lights', 'Driver-side airbag', 'Electronic stability control', 'Immobilizer', 'Isofix', 'LED Headlights', 'Passenger-side airbag', 'Power steering', 'Side airbag', 'Tire pressure monitoring system', 'Traction control']",,1.0,No,,4.0,4.6,3.7,107.0,Cloth
4989,4989,Audi A3,Sedans,21600,,26600.0,85.0,Used,Manual,,Benzine,106.0,"Air conditioning,Armrest,Automatic climate control,Cruise control,Electrical side mirrors,Leather steering wheel,Multi-function steering wheel,Navigation system,Park Distance Control,Parking assist system sensors rear,Start-stop system","['Bluetooth', 'Hands-free equipment', 'MP3', 'On-board computer', 'USB']","['Alloy wheels', 'Sport suspension', 'Voice Control']","['Fog lights', 'Isofix', 'LED Headlights', 'Tire pressure monitoring system', 'Traction control', 'Xenon headlights']",6.0,1.0,No,,,4.0,,106.0,Cloth
5235,5235,Audi A3,Sedans,25800,VAT deductible,22.0,85.0,Pre-registered,Automatic,,other_fuel,,"Air conditioning,Armrest,Automatic climate control,Cruise control,Leather steering wheel,Multi-function steering wheel,Navigation system,Park Distance Control,Parking assist system sensors front,Parking assist system sensors rear,Power windows,Rain sensor,Start-stop system","['Bluetooth', 'CD player', 'Hands-free equipment', 'MP3', 'On-board computer', 'Radio', 'USB']","['Alloy wheels', 'Shift paddles', 'Voice Control']","['ABS', 'Central door lock with remote control', 'Driver-side airbag', 'Electronic stability control', 'Isofix', 'LED Daytime Running Lights', 'Passenger-side airbag', 'Power steering', 'Side airbag', 'Tire pressure monitoring system', 'Xenon headlights']",,0.0,No,,,,,,Cloth
6542,6542,Opel Astra,Station wagon,17890,VAT deductible,13743.0,110.0,Used,Automatic,,other_fuel,128.0,"Air conditioning,Armrest,Cruise control,Electrical side mirrors,Heated steering wheel,Hill Holder,Leather steering wheel,Light sensor,Lumbar support,Multi-function steering wheel,Navigation system,Park Distance Control,Parking assist system camera,Parking assist system sensors front,Parking assist system sensors rear,Power windows,Rain sensor,Seat heating,Start-stop system","['Bluetooth', 'Hands-free equipment', 'MP3', 'On-board computer', 'Radio', 'USB']","['Alloy wheels', 'Catalytic Converter', 'Roof rack', 'Sport seats', 'Touch screen', 'Voice Control']","['ABS', 'Central door lock', 'Daytime running lights', 'Driver-side airbag', 'Electronic stability control', 'Emergency system', 'Fog lights', 'Immobilizer', 'Isofix', 'LED Daytime Running Lights', 'Passenger-side airbag', 'Power steering', 'Side airbag', 'Tire pressure monitoring system', 'Traction control']",,1.0,No,,5.0,7.3,4.5,128.0,Cloth
6587,6587,Opel Astra,Station wagon,17850,VAT deductible,29195.0,110.0,Used,Automatic,,other_fuel,,"Air conditioning,Armrest,Automatic climate control,Cruise control,Electrical side mirrors,Heated steering wheel,Hill Holder,Leather steering wheel,Light sensor,Lumbar support,Multi-function steering wheel,Navigation system,Park Distance Control,Parking assist system camera,Parking assist system sensors front,Parking assist system sensors rear,Power windows,Rain sensor,Seat heating,Start-stop system","['Bluetooth', 'Hands-free equipment', 'On-board computer', 'USB']","['Alloy wheels', 'Roof rack', 'Sport seats', 'Touch screen', 'Voice Control']","['ABS', 'Central door lock', 'Daytime running lights', 'Electronic stability control', 'Emergency brake assistant', 'Fog lights', 'Immobilizer', 'Isofix', 'Lane departure warning system', 'LED Daytime Running Lights', 'Power steering', 'Tire pressure monitoring system', 'Traction control', 'Traffic sign recognition']",,1.0,No,,,,,,Cloth
6651,6651,Opel Astra,Station wagon,16900,,29900.0,100.0,Used,Automatic,,Benzine,,"Air conditioning,Armrest,Automatic climate control,Cruise control,Electrical side mirrors,Hill Holder,Light sensor,Lumbar support,Multi-function steering wheel,Navigation system,Park Distance Control,Parking assist system sensors front,Parking assist system sensors rear,Power windows,Rain sensor,Start-stop system","['Bluetooth', 'Digital radio', 'MP3', 'On-board computer', 'Radio', 'USB']","['Alloy wheels', 'Touch screen']","['ABS', 'Alarm system', 'Central door lock', 'Central door lock with remote control', 'Driver-side airbag', 'Electronic stability control', 'Emergency brake assistant', 'Fog lights', 'Immobilizer', 'Isofix', 'Lane departure warning system', 'LED Daytime Running Lights', 'Passenger-side airbag', 'Power steering', 'Side airbag', 'Tire pressure monitoring system', 'Traction control', 'Traffic sign recognition']",6.0,1.0,No,,,,,,Part leather
6660,6660,Opel Astra,Sedans,17480,VAT deductible,27453.0,110.0,Used,Automatic,,other_fuel,127.0,"Air conditioning,Armrest,Automatic climate control,Cruise control,Electrical side mirrors,Heated steering wheel,Hill Holder,Leather steering wheel,Light sensor,Lumbar support,Multi-function steering wheel,Navigation system,Park Distance Control,Parking assist system camera,Parking assist system sensors front,Parking assist system sensors rear,Power windows,Rain sensor,Seat heating,Start-stop system,Sunroof","['Bluetooth', 'Digital radio', 'Hands-free equipment', 'On-board computer', 'USB']","['Alloy wheels', 'Touch screen', 'Voice Control']","['ABS', 'Central door lock', 'Daytime running lights', 'Driver-side airbag', 'Electronic stability control', 'Emergency brake assistant', 'Fog lights', 'Immobilizer', 'Isofix', 'Lane departure warning system', 'LED Daytime Running Lights', 'Passenger-side airbag', 'Power steering', 'Side airbag', 'Tire pressure monitoring system', 'Traction control', 'Traffic sign recognition']",,1.0,No,,5.0,7.2,4.5,127.0,Part leather
6678,6678,Opel Astra,Station wagon,16950,VAT deductible,29178.0,110.0,Used,Automatic,,other_fuel,128.0,"Air conditioning,Armrest,Cruise control,Electrical side mirrors,Heated steering wheel,Hill Holder,Leather steering wheel,Light sensor,Lumbar support,Multi-function steering wheel,Navigation system,Park Distance Control,Parking assist system camera,Parking assist system sensors front,Parking assist system sensors rear,Power windows,Rain sensor,Seat heating,Start-stop system","['Bluetooth', 'Hands-free equipment', 'MP3', 'On-board computer', 'Radio', 'USB']","['Alloy wheels', 'Catalytic Converter', 'Roof rack', 'Sport seats', 'Touch screen', 'Voice Control']","['ABS', 'Central door lock', 'Daytime running lights', 'Driver-side airbag', 'Electronic stability control', 'Fog lights', 'Immobilizer', 'Isofix', 'LED Daytime Running Lights', 'Passenger-side airbag', 'Power steering', 'Side airbag', 'Tire pressure monitoring system', 'Traction control']",,1.0,No,,5.0,7.3,4.5,128.0,Cloth
7057,7057,Opel Astra,Station wagon,18989,VAT deductible,26344.0,110.0,Used,Automatic,,other_fuel,127.0,"Air conditioning,Armrest,Automatic climate control,Cruise control,Electrical side mirrors,Heated steering wheel,Hill Holder,Leather steering wheel,Light sensor,Lumbar support,Multi-function steering wheel,Navigation system,Park Distance Control,Parking assist system camera,Parking assist system sensors front,Parking assist system sensors rear,Power windows,Rain sensor,Seat heating,Start-stop system","['Bluetooth', 'Hands-free equipment', 'On-board computer', 'Radio', 'Sound system', 'USB']","['Alloy wheels', 'Roof rack', 'Touch screen']","['ABS', 'Central door lock', 'Daytime running lights', 'Driver-side airbag', 'Electronic stability control', 'Emergency system', 'Fog lights', 'Immobilizer', 'Isofix', 'Lane departure warning system', 'LED Daytime Running Lights', 'Passenger-side airbag', 'Power steering', 'Side airbag', 'Tire pressure monitoring system', 'Traction control', 'Traffic sign recognition']",,1.0,No,,5.0,7.2,4.5,127.0,Cloth
7058,7058,Opel Astra,Sedans,18990,VAT deductible,28084.0,110.0,Used,Automatic,,other_fuel,127.0,"Air conditioning,Armrest,Cruise control,Electrically adjustable seats,Electrical side mirrors,Heated steering wheel,Hill Holder,Leather steering wheel,Light sensor,Lumbar support,Multi-function steering wheel,Navigation system,Park Distance Control,Parking assist system camera,Parking assist system sensors front,Parking assist system sensors rear,Power windows,Rain sensor,Seat heating,Start-stop system","['Bluetooth', 'Hands-free equipment', 'MP3', 'On-board computer', 'Radio', 'USB']","['Alloy wheels', 'Catalytic Converter', 'Sport seats', 'Touch screen']","['ABS', 'Central door lock', 'Daytime running lights', 'Driver-side airbag', 'Electronic stability control', 'Fog lights', 'Immobilizer', 'Isofix', 'LED Daytime Running Lights', 'Passenger-side airbag', 'Power steering', 'Side airbag', 'Tire pressure monitoring system', 'Traction control']",,1.0,Yes,,5.0,7.2,4.5,127.0,Cloth
7121,7121,Opel Astra,Station wagon,18900,,29050.0,110.0,Used,Automatic,,other_fuel,,"Air conditioning,Armrest,Cruise control,Electrical side mirrors,Heated steering wheel,Hill Holder,Leather steering wheel,Light sensor,Lumbar support,Multi-function steering wheel,Navigation system,Park Distance Control,Parking assist system camera,Parking assist system sensors rear,Power windows,Rain sensor,Seat heating,Start-stop system","['Bluetooth', 'Hands-free equipment', 'MP3', 'On-board computer', 'Radio', 'USB']","['Alloy wheels', 'Catalytic Converter', 'Roof rack', 'Sport seats', 'Touch screen', 'Voice Control']","['ABS', 'Central door lock', 'Daytime running lights', 'Driver-side airbag', 'Electronic stability control', 'Immobilizer', 'Isofix', 'LED Daytime Running Lights', 'Passenger-side airbag', 'Power steering', 'Side airbag', 'Tire pressure monitoring system', 'Traction control']",,1.0,No,,,,,,Cloth
7177,7177,Opel Astra,Sedans,18200,VAT deductible,3260.0,,Used,Automatic,,other_fuel,,"Air conditioning,Cruise control,Electrical side mirrors,Multi-function steering wheel,Navigation system,Park Distance Control,Parking assist system camera,Parking assist system sensors rear,Power windows,Rain sensor,Start-stop system","['Bluetooth', 'MP3', 'On-board computer']",['Alloy wheels'],"['ABS', 'Central door lock', 'Driver-side airbag', 'Electronic stability control', 'Immobilizer', 'Isofix', 'Passenger-side airbag', 'Power steering', 'Traction control']",,0.0,No,12.0,,,,,Cloth
7290,7290,Opel Astra,Compact,15400,,,81.0,Used,Manual,,Benzine,,,,,,6.0,1.0,No,12.0,,,,,
7292,7292,Opel Astra,Compact,15400,,102.0,81.0,Used,Manual,,Benzine,,,,,,6.0,1.0,No,12.0,,,,,
7293,7293,Opel Astra,Compact,15400,,,81.0,Used,Manual,,Benzine,,,,,,6.0,1.0,No,12.0,,,,,
7294,7294,Opel Astra,Compact,15400,,102.0,81.0,Used,Manual,,Benzine,,,,,,6.0,1.0,No,12.0,,,,,
7320,7320,Opel Astra,Station wagon,14990,VAT deductible,28775.0,100.0,Used,Manual,,Benzine,104.0,"Air conditioning,Armrest,Cruise control,Electrical side mirrors,Heated steering wheel,Hill Holder,Leather steering wheel,Light sensor,Lumbar support,Multi-function steering wheel,Navigation system,Park Distance Control,Parking assist system camera,Parking assist system sensors front,Parking assist system sensors rear,Power windows,Rain sensor,Seat heating,Start-stop system","['Bluetooth', 'Hands-free equipment', 'On-board computer', 'Radio', 'USB']","['Alloy wheels', 'Roof rack', 'Sport seats', 'Touch screen', 'Voice Control']","['ABS', 'Central door lock', 'Daytime running lights', 'Driver-side airbag', 'Electronic stability control', 'Fog lights', 'Immobilizer', 'Isofix', 'LED Daytime Running Lights', 'Passenger-side airbag', 'Power steering', 'Side airbag', 'Tire pressure monitoring system', 'Traction control']",,1.0,No,,3.0,4.7,3.5,104.0,Cloth
7321,7321,Opel Astra,Compact,14990,,,81.0,Used,Manual,,Benzine,,,,,,6.0,1.0,No,12.0,,,,,
7322,7322,Opel Astra,Compact,14990,,,81.0,Used,Manual,,Benzine,,,,,,6.0,1.0,No,12.0,,,,,
7323,7323,Opel Astra,Compact,14990,,,81.0,Used,Manual,,Benzine,,,,,,6.0,1.0,No,12.0,,,,,
7324,7324,Opel Astra,Compact,14990,,,81.0,Used,Manual,,Benzine,,,,,,6.0,1.0,No,12.0,,,,,
7325,7325,Opel Astra,Compact,14990,,7000.0,81.0,Used,Manual,,Benzine,,,,,,6.0,1.0,No,12.0,,,,,
7326,7326,Opel Astra,Compact,14990,,7000.0,81.0,Used,Manual,,Benzine,,,,,,6.0,1.0,No,12.0,,,,,
7359,7359,Opel Astra,Sedans,15000,VAT deductible,21628.0,77.0,Used,Manual,,other_fuel,,"Air conditioning,Cruise control,Electrical side mirrors,Light sensor,Navigation system,Park Distance Control,Parking assist system sensors rear,Power windows,Rain sensor,Start-stop system","['Bluetooth', 'On-board computer']",['Alloy wheels'],"['ABS', 'Central door lock', 'Driver-side airbag', 'Electronic stability control', 'Isofix', 'Passenger-side airbag']",,1.0,No,12.0,,,,,Cloth
7471,7471,Opel Astra,Compact,14800,,8495.0,81.0,Used,Manual,,Benzine,,,,,,6.0,1.0,No,12.0,,,,,
7475,7475,Opel Astra,Compact,14800,,8495.0,81.0,Used,Manual,,Benzine,,,,,,6.0,1.0,No,12.0,,,,,
7537,7537,Opel Astra,Sedans,13929,VAT deductible,,66.0,New,Manual,,other_fuel,107.0,,,,,,,No,,4.0,5.4,4.2,107.0,
7694,7694,Opel Astra,Station wagon,26900,VAT deductible,19200.0,110.0,Used,Automatic,,other_fuel,,"Air conditioning,Automatic climate control,Cruise control,Electrically adjustable seats,Electrical side mirrors,Light sensor,Multi-function steering wheel,Navigation system,Panorama roof,Park Distance Control,Parking assist system camera,Parking assist system sensors front,Parking assist system sensors rear,Power windows,Rain sensor,Seat heating,Start-stop system,Sunroof","['Bluetooth', 'On-board computer']","['Alloy wheels', 'Roof rack', 'Sport package', 'Sport seats']","['ABS', 'Central door lock', 'Driver-side airbag', 'Electronic stability control', 'Fog lights', 'Immobilizer', 'Isofix', 'Passenger-side airbag', 'Power steering', 'Side airbag', 'Traction control', 'Xenon headlights']",,0.0,No,12.0,,,,,Full leather
7709,7709,Opel Astra,,26490,,6000.0,112.0,Used,Automatic,,other_fuel,,,,,,,0.0,No,,,,,,
7729,7729,Opel Astra,Station wagon,25750,VAT deductible,6200.0,110.0,Demonstration,Automatic,,other_fuel,130.0,"Air conditioning,Armrest,Cruise control,Electrical side mirrors,Heated steering wheel,Hill Holder,Keyless central door lock,Leather steering wheel,Light sensor,Lumbar support,Multi-function steering wheel,Navigation system,Park Distance Control,Parking assist system camera,Parking assist system sensors front,Parking assist system sensors rear,Power windows,Rain sensor,Seat heating,Start-stop system","['Bluetooth', 'Digital radio', 'Hands-free equipment', 'On-board computer', 'USB']","['Alloy wheels', 'Roof rack', 'Sport seats', 'Touch screen', 'Voice Control']","['ABS', 'Adaptive headlights', 'Central door lock', 'Daytime running lights', 'Driver-side airbag', 'Electronic stability control', 'Emergency brake assistant', 'Fog lights', 'Immobilizer', 'Isofix', 'Lane departure warning system', 'LED Daytime Running Lights', 'LED Headlights', 'Passenger-side airbag', 'Power steering', 'Side airbag', 'Tire pressure monitoring system', 'Traction control', 'Traffic sign recognition']",,0.0,No,,5.0,7.3,4.7,130.0,Cloth
7809,7809,Opel Astra,Sedans,23940,VAT deductible,12.0,110.0,Pre-registered,Automatic,139.0,other_fuel,139.0,"Air conditioning,Armrest,Automatic climate control,Cruise control,Electrical side mirrors,Heated steering wheel,Leather steering wheel,Multi-function steering wheel,Park Distance Control,Parking assist system camera,Parking assist system sensors front,Parking assist system sensors rear,Power windows,Rain sensor,Seat heating,Start-stop system","['MP3', 'On-board computer', 'Radio', 'USB']","['Alloy wheels', 'Catalytic Converter']","['ABS', 'Central door lock', 'Daytime running lights', 'Driver-side airbag', 'Electronic stability control', 'Fog lights', 'Isofix', 'LED Daytime Running Lights', 'Passenger-side airbag', 'Power steering', 'Side airbag', 'Tire pressure monitoring system']",6.0,0.0,Yes,,6.0,7.5,5.2,139.0,Cloth
7810,7810,Opel Astra,Sedans,23940,VAT deductible,12.0,110.0,Pre-registered,Automatic,139.0,other_fuel,139.0,"Air conditioning,Armrest,Automatic climate control,Cruise control,Electrical side mirrors,Heated steering wheel,Leather steering wheel,Multi-function steering wheel,Park Distance Control,Parking assist system camera,Parking assist system sensors front,Parking assist system sensors rear,Power windows,Rain sensor,Seat heating,Start-stop system","['MP3', 'On-board computer', 'Radio', 'USB']","['Alloy wheels', 'Catalytic Converter']","['ABS', 'Central door lock', 'Daytime running lights', 'Driver-side airbag', 'Electronic stability control', 'Fog lights', 'Isofix', 'LED Daytime Running Lights', 'Passenger-side airbag', 'Power steering', 'Side airbag', 'Tire pressure monitoring system']",6.0,0.0,Yes,,6.0,7.5,5.2,139.0,Cloth
7811,7811,Opel Astra,Sedans,23940,VAT deductible,12.0,110.0,Pre-registered,Automatic,139.0,other_fuel,139.0,"Air conditioning,Armrest,Automatic climate control,Cruise control,Electrical side mirrors,Heated steering wheel,Leather steering wheel,Multi-function steering wheel,Park Distance Control,Parking assist system camera,Parking assist system sensors front,Parking assist system sensors rear,Power windows,Rain sensor,Seat heating,Start-stop system","['MP3', 'On-board computer', 'Radio', 'USB']","['Alloy wheels', 'Catalytic Converter']","['ABS', 'Central door lock', 'Daytime running lights', 'Driver-side airbag', 'Electronic stability control', 'Fog lights', 'Isofix', 'LED Daytime Running Lights', 'Passenger-side airbag', 'Power steering', 'Side airbag', 'Tire pressure monitoring system']",6.0,0.0,Yes,,6.0,7.5,5.2,139.0,Cloth
7812,7812,Opel Astra,Sedans,23940,VAT deductible,12.0,110.0,Pre-registered,Automatic,139.0,other_fuel,139.0,"Air conditioning,Armrest,Automatic climate control,Cruise control,Electrical side mirrors,Heated steering wheel,Leather steering wheel,Multi-function steering wheel,Park Distance Control,Parking assist system camera,Parking assist system sensors front,Parking assist system sensors rear,Power windows,Rain sensor,Seat heating,Start-stop system","['On-board computer', 'Radio', 'USB']","['Alloy wheels', 'Catalytic Converter']","['ABS', 'Central door lock', 'Daytime running lights', 'Driver-side airbag', 'Electronic stability control', 'Fog lights', 'Isofix', 'LED Daytime Running Lights', 'Passenger-side airbag', 'Power steering', 'Side airbag', 'Tire pressure monitoring system']",,0.0,Yes,,6.0,7.5,5.2,139.0,Cloth
7907,7907,Opel Astra,Compact,16900,,10182.0,100.0,Used,Manual,,Benzine,,,,,,6.0,0.0,No,12.0,,,,,
7908,7908,Opel Astra,Compact,16900,,10182.0,100.0,Used,Manual,,Benzine,,,,,,6.0,0.0,No,12.0,,,,,
7913,7913,Opel Astra,Sedans,16990,,1.0,81.0,Used,Manual,,Benzine,,,,,,6.0,0.0,No,12.0,,,,,
7927,7927,Opel Astra,Compact,17800,,2970.0,81.0,Used,Manual,,Benzine,,,,,,6.0,0.0,No,12.0,,,,,
7936,7936,Opel Astra,Compact,17500,,1.0,81.0,Used,Manual,,Benzine,,,,,,6.0,0.0,No,12.0,,,,,
7940,7940,Opel Astra,Compact,17500,,1.0,81.0,Used,Manual,,Benzine,,,,,,6.0,0.0,No,12.0,,,,,
7941,7941,Opel Astra,Compact,17500,,6.0,81.0,Used,Manual,,Benzine,,,,,,6.0,0.0,No,12.0,,,,,
7943,7943,Opel Astra,Compact,17500,,6.0,81.0,Used,Manual,,Benzine,,,,,,6.0,0.0,No,12.0,,,,,
7944,7944,Opel Astra,Compact,17500,,1.0,81.0,Used,Manual,,Benzine,,,,,,6.0,0.0,No,12.0,,,,,
7949,7949,Opel Astra,Compact,17500,,1.0,81.0,Used,Manual,,Benzine,,,,,,6.0,0.0,No,12.0,,,,,
7969,7969,Opel Astra,Compact,16990,,3000.0,81.0,Used,Manual,,Benzine,,,,,,6.0,0.0,No,12.0,,,,,
7970,7970,Opel Astra,Compact,16990,,6.0,81.0,Used,Manual,,Benzine,,,,,,6.0,0.0,No,12.0,,,,,
7971,7971,Opel Astra,Compact,16990,,6.0,81.0,Used,Manual,,Benzine,,,,,,6.0,0.0,No,12.0,,,,,
7972,7972,Opel Astra,Compact,16990,,3000.0,81.0,Used,Manual,,Benzine,,,,,,6.0,0.0,No,12.0,,,,,
7975,7975,Opel Astra,Sedans,16990,,1.0,81.0,Used,Manual,,Benzine,,,,,,6.0,0.0,No,12.0,,,,,
8049,8049,Opel Astra,Sedans,15500,,9500.0,81.0,Used,Manual,,Benzine,,,,,,,0.0,No,,,,,,
8053,8053,Opel Astra,Compact,17800,,2970.0,81.0,Used,Manual,,Benzine,,,,,,6.0,0.0,No,12.0,,,,,
8062,8062,Opel Astra,Station wagon,18190,VAT deductible,2835.0,92.0,Demonstration,Manual,,other_fuel,,"Air conditioning,Automatic climate control,Cruise control,Electrical side mirrors,Heated steering wheel,Leather steering wheel,Light sensor,Multi-function steering wheel,Park Distance Control,Parking assist system camera,Parking assist system sensors rear,Power windows,Rain sensor,Seat heating,Start-stop system","['Bluetooth', 'CD player', 'MP3', 'On-board computer', 'Radio']","['Alloy wheels', 'Roof rack', 'Sport seats']","['ABS', 'Central door lock', 'Driver-side airbag', 'Electronic stability control', 'Emergency brake assistant', 'Immobilizer', 'Isofix', 'Passenger-side airbag', 'Power steering', 'Side airbag', 'Traction control']",6.0,0.0,No,,,,,,Cloth
8115,8115,Opel Astra,Compact,18300,,3500.0,92.0,Used,Manual,,other_fuel,,,,,,6.0,0.0,No,12.0,,,,,
8116,8116,Opel Astra,Compact,18300,,3500.0,92.0,Used,Manual,,other_fuel,,,,,,6.0,0.0,No,12.0,,,,,
8128,8128,Opel Astra,Station wagon,18830,VAT deductible,10.0,92.0,Demonstration,Manual,140.0,other_fuel,,"Air conditioning,Automatic climate control,Cruise control,Electrical side mirrors,Multi-function steering wheel,Park Distance Control,Parking assist system camera,Parking assist system sensors rear,Power windows,Rain sensor,Seat heating,Start-stop system","['Bluetooth', 'CD player', 'MP3', 'On-board computer', 'Radio']","['Alloy wheels', 'Roof rack', 'Sport seats']","['ABS', 'Central door lock', 'Driver-side airbag', 'Electronic stability control', 'Fog lights', 'Immobilizer', 'Isofix', 'Passenger-side airbag', 'Power steering', 'Side airbag', 'Traction control']",6.0,0.0,No,,,,,,Cloth
8247,8247,Opel Corsa,Compact,12450,VAT deductible,20813.0,66.0,Used,Automatic,,other_fuel,140.0,"Air conditioning,Cruise control,Electrically heated windshield,Electrical side mirrors,Heated steering wheel,Leather steering wheel,Light sensor,Multi-function steering wheel,Park Distance Control,Parking assist system sensors front,Parking assist system sensors rear,Power windows,Rain sensor,Seat heating,Start-stop system","['Bluetooth', 'CD player', 'Hands-free equipment', 'MP3', 'On-board computer', 'Radio', 'USB']","['Alloy wheels', 'Catalytic Converter', 'Sport seats']","['ABS', 'Central door lock', 'Daytime running lights', 'Driver-side airbag', 'Electronic stability control', 'Fog lights', 'Immobilizer', 'Isofix', 'LED Daytime Running Lights', 'Passenger-side airbag', 'Power steering', 'Side airbag', 'Tire pressure monitoring system', 'Traction control']",,1.0,Yes,,,7.8,4.9,140.0,Cloth
8269,8269,Opel Corsa,Sedans,13400,VAT deductible,6109.0,,Used,Automatic,,other_fuel,,"Air conditioning,Automatic climate control,Cruise control,Electrical side mirrors,Light sensor,Multi-function steering wheel,Navigation system,Park Distance Control,Parking assist system sensors rear,Power windows,Rain sensor","['CD player', 'MP3', 'On-board computer']",['Alloy wheels'],"['ABS', 'Central door lock', 'Driver-side airbag', 'Electronic stability control', 'Fog lights', 'Immobilizer', 'Isofix', 'Power steering', 'Traction control']",,1.0,No,12.0,,,,,Cloth
8487,8487,Opel Corsa,Sedans,11990,VAT deductible,11211.0,66.0,Used,Automatic,,other_fuel,,"Electrical side mirrors,Light sensor,Multi-function steering wheel,Power windows,Rain sensor","['Bluetooth', 'CD player', 'On-board computer']",['Alloy wheels'],"['ABS', 'Central door lock', 'Driver-side airbag', 'Fog lights', 'Isofix', 'Passenger-side airbag', 'Power steering', 'Side airbag']",,1.0,No,,,,,,Cloth
8514,8514,Opel Corsa,Sedans,11447,VAT deductible,12710.0,66.0,Used,Automatic,,other_fuel,,"Air conditioning,Electrical side mirrors,Multi-function steering wheel,Navigation system,Start-stop system",['On-board computer'],['Alloy wheels'],"['ABS', 'Central door lock', 'Driver-side airbag', 'Fog lights', 'Isofix', 'Passenger-side airbag', 'Power steering']",,1.0,No,,,,,,Cloth
8533,8533,Opel Corsa,Sedans,11900,Price negotiable,8300.0,66.0,Used,Automatic,,other_fuel,,"Air conditioning,Cruise control,Electrical side mirrors,Heated steering wheel,Leather steering wheel,Light sensor,Parking assist system sensors rear,Power windows,Rain sensor,Seat heating","['CD player', 'Radio']",['Alloy wheels'],"['ABS', 'Adaptive headlights', 'Central door lock', 'Daytime running lights', 'Fog lights', 'Power steering', 'Tire pressure monitoring system', 'Xenon headlights']",,3.0,No,,,,,,
8845,8845,Opel Corsa,Compact,13890,VAT deductible,19337.0,66.0,Used,Automatic,,other_fuel,140.0,"Air conditioning,Cruise control,Electrically heated windshield,Electrical side mirrors,Heated steering wheel,Hill Holder,Leather steering wheel,Light sensor,Multi-function steering wheel,Park Distance Control,Parking assist system sensors front,Parking assist system sensors rear,Power windows,Rain sensor,Seat heating","['Bluetooth', 'Hands-free equipment', 'MP3', 'On-board computer', 'Radio', 'USB']","['Alloy wheels', 'Catalytic Converter', 'Touch screen', 'Voice Control']","['ABS', 'Central door lock', 'Daytime running lights', 'Driver-side airbag', 'Electronic stability control', 'Fog lights', 'Immobilizer', 'Isofix', 'LED Daytime Running Lights', 'Passenger-side airbag', 'Power steering', 'Side airbag', 'Tire pressure monitoring system', 'Traction control', 'Xenon headlights']",,1.0,No,,,7.8,4.9,140.0,Part leather
8903,8903,Opel Corsa,Sedans,10270,VAT deductible,12177.0,55.0,Used,Automatic,,other_fuel,,"Air conditioning,Cruise control,Electrical side mirrors,Multi-function steering wheel,Park Distance Control,Parking assist system sensors rear,Power windows,Seat heating",['Radio'],,"['ABS', 'Central door lock', 'Central door lock with remote control', 'Driver-side airbag', 'Electronic stability control', 'Passenger-side airbag', 'Power steering']",,1.0,No,,,,,,
9521,9521,Opel Corsa,Sedans,9745,VAT deductible,18310.0,51.0,Used,Manual,,other_fuel,,"Air conditioning,Cruise control,Multi-function steering wheel,Power windows","['Bluetooth', 'CD player', 'On-board computer']",['Alloy wheels'],"['ABS', 'Central door lock', 'Electronic stability control', 'Fog lights', 'Power steering']",,1.0,No,12.0,,,,,Cloth
9525,9525,Opel Corsa,Sedans,9745,VAT deductible,15693.0,51.0,Used,Manual,,other_fuel,,"Air conditioning,Cruise control,Multi-function steering wheel,Power windows","['Bluetooth', 'CD player', 'On-board computer']",['Alloy wheels'],"['ABS', 'Central door lock', 'Electronic stability control', 'Fog lights', 'Power steering']",,1.0,No,12.0,,,,,Cloth
9532,9532,Opel Corsa,Sedans,9800,VAT deductible,14803.0,51.0,Used,Manual,,other_fuel,,"Air conditioning,Cruise control,Navigation system,Rain sensor","['Bluetooth', 'On-board computer']",['Alloy wheels'],,,1.0,No,12.0,,,,,Cloth
9545,9545,Opel Corsa,Sedans,9499,VAT deductible,24019.0,51.0,Used,Manual,,other_fuel,,"Air conditioning,Cruise control,Multi-function steering wheel,Power windows","['Bluetooth', 'CD player', 'On-board computer']",['Alloy wheels'],"['ABS', 'Central door lock', 'Electronic stability control', 'Fog lights', 'Power steering']",,1.0,No,12.0,,,,,Cloth
9547,9547,Opel Corsa,Sedans,9499,VAT deductible,20365.0,51.0,Used,Manual,,other_fuel,,"Air conditioning,Cruise control,Multi-function steering wheel,Power windows","['Bluetooth', 'CD player', 'On-board computer']",['Alloy wheels'],"['ABS', 'Central door lock', 'Electronic stability control', 'Fog lights', 'Power steering']",,1.0,No,12.0,,,,,Cloth
9552,9552,Opel Corsa,Compact,9790,VAT deductible,12147.0,66.0,Used,Manual,,other_fuel,120.0,"Air conditioning,Electrical side mirrors,Hill Holder,Multi-function steering wheel,Power windows","['Bluetooth', 'CD player', 'Hands-free equipment', 'On-board computer', 'Radio']",['Trailer hitch'],"['ABS', 'Central door lock', 'Daytime running lights', 'Driver-side airbag', 'Electronic stability control', 'Immobilizer', 'Isofix', 'Passenger-side airbag', 'Side airbag', 'Tire pressure monitoring system', 'Traction control']",,1.0,No,,5.0,6.8,4.3,120.0,Cloth
9850,9850,Opel Corsa,Compact,15490,VAT deductible,355.0,66.0,Employee's car,Automatic,,other_fuel,143.0,"Air conditioning,Cruise control,Electrically heated windshield,Electrical side mirrors,Heated steering wheel,Hill Holder,Leather steering wheel,Light sensor,Multi-function steering wheel,Park Distance Control,Parking assist system camera,Parking assist system sensors rear,Power windows,Rain sensor,Seat heating","['Bluetooth', 'Hands-free equipment', 'MP3', 'On-board computer', 'Radio', 'USB']","['Alloy wheels', 'Catalytic Converter', 'Touch screen']","['ABS', 'Central door lock', 'Daytime running lights', 'Driver-side airbag', 'Electronic stability control', 'Fog lights', 'Immobilizer', 'Isofix', 'LED Daytime Running Lights', 'Passenger-side airbag', 'Power steering', 'Side airbag', 'Tire pressure monitoring system', 'Traction control']",,0.0,No,,6.0,7.8,5.4,143.0,Cloth
9941,9941,Opel Corsa,Compact,16990,VAT deductible,2500.0,66.0,Demonstration,Automatic,,other_fuel,157.0,"Air conditioning,Automatic climate control,Cruise control,Electrically heated windshield,Electrical side mirrors,Heated steering wheel,Leather steering wheel,Light sensor,Multi-function steering wheel,Navigation system,Park Distance Control,Parking assist system camera,Parking assist system self-steering,Parking assist system sensors front,Parking assist system sensors rear,Power windows,Rain sensor,Seat heating,Split rear seats,Tinted windows","['Bluetooth', 'Hands-free equipment', 'MP3', 'On-board computer', 'Radio', 'USB']","['Alloy wheels', 'Catalytic Converter', 'Touch screen']","['ABS', 'Central door lock with remote control', 'Driver-side airbag', 'Electronic stability control', 'Emergency system', 'Fog lights', 'Head airbag', 'Immobilizer', 'Isofix', 'Lane departure warning system', 'LED Daytime Running Lights', 'Passenger-side airbag', 'Power steering', 'Side airbag', 'Tire pressure monitoring system', 'Traction control', 'Traffic sign recognition', 'Xenon headlights']",6.0,0.0,No,,6.0,8.5,6.1,157.0,Cloth
10012,10012,Opel Corsa,Compact,16090,VAT deductible,10.0,66.0,New,Automatic,,other_fuel,157.0,"Air conditioning,Cruise control,Electrically heated windshield,Electrical side mirrors,Heated steering wheel,Hill Holder,Leather steering wheel,Light sensor,Multi-function steering wheel,Park Distance Control,Parking assist system camera,Parking assist system sensors front,Parking assist system sensors rear,Power windows,Rain sensor,Seat heating","['Bluetooth', 'Hands-free equipment', 'MP3', 'On-board computer', 'Radio', 'USB']","['Alloy wheels', 'Catalytic Converter', 'Touch screen']","['ABS', 'Central door lock', 'Daytime running lights', 'Driver-side airbag', 'Electronic stability control', 'Fog lights', 'Immobilizer', 'Isofix', 'Passenger-side airbag', 'Power steering', 'Side airbag', 'Tire pressure monitoring system', 'Traction control']",,,No,,6.0,8.6,,157.0,Cloth
10094,10094,Opel Corsa,Compact,15490,VAT deductible,355.0,66.0,Employee's car,Automatic,,other_fuel,140.0,"Air conditioning,Cruise control,Electrical side mirrors,Heated steering wheel,Hill Holder,Leather steering wheel,Light sensor,Multi-function steering wheel,Park Distance Control,Parking assist system sensors rear,Power windows,Rain sensor,Seat heating","['Bluetooth', 'Hands-free equipment', 'MP3', 'On-board computer', 'Radio', 'USB']","['Alloy wheels', 'Catalytic Converter', 'Touch screen']","['ABS', 'Central door lock', 'Daytime running lights', 'Driver-side airbag', 'Electronic stability control', 'Fog lights', 'Immobilizer', 'Isofix', 'Passenger-side airbag', 'Power steering', 'Side airbag', 'Tire pressure monitoring system', 'Traction control']",,0.0,No,,,7.8,4.8,140.0,Cloth
10144,10144,Opel Corsa,Compact,14890,VAT deductible,1990.0,66.0,Demonstration,Automatic,,Benzine,143.0,"Air conditioning,Cruise control,Electrically heated windshield,Electrical side mirrors,Heated steering wheel,Hill Holder,Leather steering wheel,Light sensor,Multi-function steering wheel,Park Distance Control,Parking assist system camera,Parking assist system sensors front,Parking assist system sensors rear,Power windows,Rain sensor,Seat heating,Split rear seats,Tinted windows","['Bluetooth', 'Hands-free equipment', 'MP3', 'On-board computer', 'Radio', 'USB']",['Alloy wheels'],"['ABS', 'Central door lock', 'Central door lock with remote control', 'Daytime running lights', 'Driver-side airbag', 'Electronic stability control', 'Fog lights', 'Head airbag', 'Immobilizer', 'Isofix', 'LED Daytime Running Lights', 'Passenger-side airbag', 'Power steering', 'Side airbag', 'Tire pressure monitoring system', 'Traction control']",6.0,0.0,No,,6.0,7.8,5.4,143.0,Cloth
10167,10167,Opel Corsa,Compact,10350,VAT deductible,,,New,Manual,,other_fuel,128.0,"Air conditioning,Electrical side mirrors,Hill Holder,Power windows","['CD player', 'On-board computer', 'Radio', 'USB']",,"['ABS', 'Central door lock', 'Daytime running lights', 'Driver-side airbag', 'Electronic stability control', 'Immobilizer', 'Isofix', 'Passenger-side airbag', 'Power steering', 'Side airbag', 'Tire pressure monitoring system', 'Traction control']",,,No,,5.0,7.3,4.7,128.0,
10194,10194,Opel Corsa,Compact,10940,VAT deductible,12.0,51.0,Pre-registered,Manual,122.0,other_fuel,134.0,"Air conditioning,Electrical side mirrors,Hill Holder,Multi-function steering wheel,Power windows","['On-board computer', 'Radio']",['Catalytic Converter'],"['ABS', 'Central door lock', 'Daytime running lights', 'Driver-side airbag', 'Isofix', 'Passenger-side airbag', 'Power steering', 'Side airbag', 'Tire pressure monitoring system']",,0.0,Yes,,5.0,7.4,,134.0,Cloth
10248,10248,Opel Corsa,Sedans,10790,,5000.0,55.0,Demonstration,Manual,,other_fuel,,"Air conditioning,Electrical side mirrors,Power windows","['Hands-free equipment', 'Radio']",,"['ABS', 'Central door lock', 'Driver-side airbag', 'Passenger-side airbag', 'Power steering', 'Side airbag']",,0.0,No,,,,,,
10295,10295,Opel Corsa,Sedans,10083,VAT deductible,,51.0,New,Manual,,other_fuel,129.0,,,,,,,No,,5.0,7.3,4.7,129.0,
10428,10428,Opel Corsa,Sedans,11000,,,51.0,New,Manual,,other_fuel,,"Air conditioning,Multi-function steering wheel,Power windows,Tinted windows","['Bluetooth', 'Hands-free equipment', 'On-board computer', 'Radio']","['Alloy wheels', 'Sport package', 'Sport seats']","['ABS', 'Central door lock', 'Driver-side airbag', 'Electronic stability control', 'Immobilizer', 'Isofix', 'Passenger-side airbag', 'Power steering', 'Side airbag', 'Tire pressure monitoring system']",,,No,,,,,,
11296,11296,Opel Insignia,Station wagon,21780,VAT deductible,28508.0,121.0,Used,Automatic,,other_fuel,141.0,"Air conditioning,Armrest,Automatic climate control,Cruise control,Electrical side mirrors,Electric tailgate,Heated steering wheel,Hill Holder,Leather steering wheel,Light sensor,Lumbar support,Multi-function steering wheel,Navigation system,Park Distance Control,Parking assist system camera,Parking assist system sensors front,Parking assist system sensors rear,Power windows,Rain sensor,Seat heating,Start-stop system","['Bluetooth', 'Hands-free equipment', 'Radio', 'USB']","['Alloy wheels', 'Roof rack', 'Sport seats', 'Touch screen']","['ABS', 'Central door lock', 'Daytime running lights', 'Driver-side airbag', 'Electronic stability control', 'Emergency brake assistant', 'Fog lights', 'Immobilizer', 'Isofix', 'Lane departure warning system', 'LED Daytime Running Lights', 'LED Headlights', 'Passenger-side airbag', 'Power steering', 'Side airbag', 'Tire pressure monitoring system', 'Traction control']",,1.0,No,,6.0,7.7,5.3,141.0,Part leather
11342,11342,Opel Insignia,Station wagon,21900,VAT deductible,13600.0,100.0,Employee's car,Automatic,,Benzine,,"Air conditioning,Armrest,Automatic climate control,Cruise control,Electrical side mirrors,Electric tailgate,Hill Holder,Leather steering wheel,Light sensor,Multi-function steering wheel,Navigation system,Park Distance Control,Parking assist system camera,Parking assist system sensors front,Parking assist system sensors rear,Power windows,Rain sensor,Start-stop system,Tinted windows","['Bluetooth', 'Digital radio', 'Hands-free equipment', 'MP3', 'On-board computer', 'USB']","['Alloy wheels', 'Catalytic Converter', 'Touch screen', 'Voice Control']","['ABS', 'Central door lock with remote control', 'Driver drowsiness detection', 'Driver-side airbag', 'Electronic stability control', 'Emergency brake assistant', 'Fog lights', 'Head airbag', 'Immobilizer', 'Isofix', 'Lane departure warning system', 'LED Daytime Running Lights', 'Passenger-side airbag', 'Power steering', 'Side airbag', 'Tire pressure monitoring system', 'Traction control', 'Traffic sign recognition']",6.0,1.0,No,,,,,,Part leather
11374,11374,Opel Insignia,Station wagon,20850,VAT deductible,22000.0,100.0,Used,Automatic,,Benzine,,,,,,,1.0,No,,,,,,
11455,11455,Opel Insignia,Sedans,18990,,34334.0,125.0,Used,Automatic,,Benzine,,"Air conditioning,Electrically adjustable seats,Electrical side mirrors,Light sensor,Multi-function steering wheel,Navigation system,Park Distance Control,Parking assist system camera,Parking assist system sensors front,Parking assist system sensors rear,Power windows,Rain sensor,Seat heating,Start-stop system,Tinted windows","['Bluetooth', 'CD player', 'Radio', 'Sound system', 'USB']",['Alloy wheels'],"['ABS', 'Central door lock', 'Electronic stability control', 'Power steering', 'Side airbag', 'Xenon headlights']",6.0,2.0,No,,,,,,
11509,11509,Opel Insignia,Station wagon,18950,,35000.0,125.0,Used,Automatic,,Benzine,139.0,"Air conditioning,Armrest,Automatic climate control,Cruise control,Electrical side mirrors,Electric tailgate,Keyless central door lock,Leather steering wheel,Light sensor,Multi-function steering wheel,Navigation system,Park Distance Control,Parking assist system camera,Parking assist system sensors front,Parking assist system sensors rear,Rain sensor,Start-stop system","['Bluetooth', 'Hands-free equipment', 'On-board computer', 'USB']","['Alloy wheels', 'Touch screen']","['Emergency brake assistant', 'Fog lights', 'Isofix', 'Tire pressure monitoring system', 'Traction control']",6.0,2.0,No,,,6.0,,139.0,Part leather
11527,11527,Opel Insignia,Sedans,18490,VAT deductible,11883.0,100.0,Used,Automatic,,Benzine,,"Air conditioning,Cruise control,Electrical side mirrors,Hill Holder,Leather steering wheel,Lumbar support,Multi-function steering wheel,Navigation system,Park Distance Control,Parking assist system sensors front,Parking assist system sensors rear,Power windows,Start-stop system","['Bluetooth', 'Hands-free equipment', 'On-board computer', 'Radio', 'USB']","['Alloy wheels', 'Sport seats', 'Touch screen', 'Voice Control']","['ABS', 'Central door lock', 'Daytime running lights', 'Driver-side airbag', 'Electronic stability control', 'Emergency brake assistant', 'Fog lights', 'Immobilizer', 'Isofix', 'Lane departure warning system', 'LED Daytime Running Lights', 'Passenger-side airbag', 'Power steering', 'Side airbag', 'Tire pressure monitoring system', 'Traction control']",,1.0,No,,,,,,Cloth
11536,11536,Opel Insignia,Station wagon,16400,,20900.0,100.0,Used,Manual,,Benzine,,"Air conditioning,Automatic climate control,Cruise control,Leather steering wheel,Multi-function steering wheel,Park Distance Control,Parking assist system sensors front,Parking assist system sensors rear,Power windows,Rain sensor,Seat heating","['Bluetooth', 'CD player', 'Hands-free equipment', 'Radio']",['Roof rack'],"['ABS', 'Central door lock', 'Driver-side airbag', 'Electronic stability control', 'Fog lights', 'Immobilizer', 'Passenger-side airbag', 'Power steering', 'Tire pressure monitoring system', 'Traction control']",6.0,2.0,No,,,,,,
11591,11591,Opel Insignia,Station wagon,18654,,13953.0,100.0,Used,Manual,,Benzine,,Park Distance Control,,,"['Passenger-side airbag', 'Side airbag']",,2.0,No,,,,,,
11613,11613,Opel Insignia,Sedans,17300,,26000.0,100.0,Used,Manual,,Benzine,,,,,,6.0,2.0,No,12.0,,,,,
11620,11620,Opel Insignia,Coupe,17094,,28142.0,81.0,Used,Manual,,Benzine,,Park Distance Control,,,"['Passenger-side airbag', 'Side airbag']",,2.0,No,,,,,,
11627,11627,Opel Insignia,Station wagon,18054,,24178.0,100.0,Used,Manual,,Benzine,,Park Distance Control,,,"['Passenger-side airbag', 'Side airbag']",,2.0,No,,,,,,
11672,11672,Opel Insignia,Sedans,17900,,33693.0,100.0,Used,Manual,,Benzine,,,,['Alloy wheels'],,6.0,2.0,No,12.0,,,,,
11675,11675,Opel Insignia,Sedans,17900,,7164.0,88.0,Used,Manual,,Benzine,,,,,,,2.0,No,12.0,,,,,
11684,11684,Opel Insignia,Sedans,17900,,7164.0,88.0,Used,Manual,,Benzine,,,,,,,2.0,No,12.0,,,,,
11712,11712,Opel Insignia,Sedans,17990,VAT deductible,8471.0,100.0,Used,Manual,,Benzine,,"Air conditioning,Automatic climate control,Cruise control,Electrical side mirrors,Heated steering wheel,Hill Holder,Leather steering wheel,Multi-function steering wheel,Navigation system,Power windows,Start-stop system","['Bluetooth', 'Hands-free equipment', 'Radio', 'USB']","['Touch screen', 'Voice Control']","['ABS', 'Central door lock', 'Daytime running lights', 'Driver-side airbag', 'Electronic stability control', 'Emergency brake assistant', 'Fog lights', 'Immobilizer', 'Isofix', 'Lane departure warning system', 'LED Daytime Running Lights', 'Passenger-side airbag', 'Power steering', 'Side airbag', 'Tire pressure monitoring system', 'Traction control']",,2.0,No,,,,,,Cloth
11714,11714,Opel Insignia,Sedans,18350,,14000.0,125.0,Used,Manual,,Benzine,,"Air conditioning,Automatic climate control,Cruise control,Electrical side mirrors,Electric tailgate,Heads-up display,Hill Holder,Keyless central door lock,Leather steering wheel,Light sensor,Lumbar support,Multi-function steering wheel,Navigation system,Park Distance Control,Parking assist system camera,Parking assist system sensors front,Parking assist system sensors rear,Power windows,Rain sensor,Start-stop system","['Digital radio', 'Hands-free equipment', 'MP3', 'On-board computer', 'Radio', 'Sound system', 'USB']","['Alloy wheels', 'Sport seats', 'Touch screen', 'Voice Control']","['ABS', 'Adaptive Cruise Control', 'Adaptive headlights', 'Central door lock', 'Central door lock with remote control', 'Daytime running lights', 'Driver-side airbag', 'Electronic stability control', 'Emergency system', 'Fog lights', 'Head airbag', 'Isofix', 'Lane departure warning system', 'LED Daytime Running Lights', 'LED Headlights', 'Passenger-side airbag', 'Power steering', 'Rear airbag', 'Side airbag', 'Tire pressure monitoring system', 'Traffic sign recognition', 'Xenon headlights']",6.0,1.0,No,,,,,,Part leather
11872,11872,Opel Insignia,Station wagon,22990,VAT deductible,10421.0,125.0,Used,Automatic,,Benzine,150.0,"Air conditioning,Armrest,Automatic climate control,Cruise control,Electrical side mirrors,Electric tailgate,Hill Holder,Leather steering wheel,Light sensor,Lumbar support,Multi-function steering wheel,Navigation system,Park Distance Control,Parking assist system camera,Parking assist system sensors front,Parking assist system sensors rear,Power windows,Rain sensor,Seat heating,Start-stop system","['Bluetooth', 'Digital radio', 'Hands-free equipment', 'USB']","['Alloy wheels', 'Roof rack', 'Touch screen', 'Voice Control']","['ABS', 'Adaptive headlights', 'Central door lock', 'Daytime running lights', 'Driver-side airbag', 'Electronic stability control', 'Emergency brake assistant', 'Emergency system', 'Fog lights', 'Immobilizer', 'Isofix', 'Lane departure warning system', 'LED Daytime Running Lights', 'Passenger-side airbag', 'Power steering', 'Side airbag', 'Tire pressure monitoring system', 'Traction control', 'Traffic sign recognition']",,1.0,No,,5.0,7.4,4.7,150.0,Full leather
11902,11902,Opel Insignia,Station wagon,23980,VAT deductible,23782.0,121.0,Used,Automatic,,other_fuel,141.0,"Air conditioning,Armrest,Automatic climate control,Cruise control,Electrical side mirrors,Heated steering wheel,Hill Holder,Keyless central door lock,Leather steering wheel,Light sensor,Lumbar support,Multi-function steering wheel,Navigation system,Panorama roof,Park Distance Control,Parking assist system camera,Parking assist system sensors front,Parking assist system sensors rear,Power windows,Rain sensor,Seat heating,Start-stop system,Sunroof","['Bluetooth', 'Hands-free equipment', 'MP3', 'On-board computer', 'Radio', 'USB']","['Alloy wheels', 'Catalytic Converter', 'Roof rack', 'Shift paddles', 'Sport package', 'Sport seats', 'Touch screen', 'Voice Control']","['ABS', 'Adaptive headlights', 'Blind spot monitor', 'Central door lock', 'Daytime running lights', 'Driver-side airbag', 'Electronic stability control', 'Emergency system', 'Fog lights', 'Immobilizer', 'Isofix', 'Lane departure warning system', 'LED Daytime Running Lights', 'LED Headlights', 'Passenger-side airbag', 'Power steering', 'Side airbag', 'Tire pressure monitoring system', 'Traction control', 'Traffic sign recognition']",,1.0,No,,6.0,7.7,5.3,141.0,Part leather
12013,12013,Opel Insignia,Sedans,22900,,15402.0,100.0,Used,Automatic,,Benzine,,,,,,6.0,1.0,No,12.0,,,,,
12014,12014,Opel Insignia,Sedans,22900,,15402.0,100.0,Used,Automatic,,Benzine,,,,,,6.0,1.0,No,12.0,,,,,
12066,12066,Opel Insignia,Station wagon,22000,VAT deductible,26886.0,100.0,Employee's car,Automatic,,Benzine,,"Air conditioning,Armrest,Automatic climate control,Cruise control,Electrically adjustable seats,Electrical side mirrors,Electric tailgate,Leather steering wheel,Light sensor,Multi-function steering wheel,Navigation system,Park Distance Control,Parking assist system camera,Parking assist system sensors front,Parking assist system sensors rear,Power windows,Rain sensor,Split rear seats,Start-stop system,Tinted windows,Wind deflector","['Bluetooth', 'Digital radio', 'Hands-free equipment', 'MP3', 'On-board computer', 'USB']","['Alloy wheels', 'Touch screen']","['ABS', 'Central door lock with remote control', 'Driver-side airbag', 'Electronic stability control', 'Fog lights', 'Isofix', 'LED Daytime Running Lights', 'Power steering', 'Side airbag', 'Tire pressure monitoring system', 'Traffic sign recognition']",6.0,1.0,No,,,,,,Part leather
12180,12180,Opel Insignia,Sedans,21365,VAT deductible,,103.0,New,Manual,,other_fuel,136.0,"Air conditioning,Armrest,Automatic climate control,Cruise control,Electrically heated windshield,Electrical side mirrors,Heated steering wheel,Hill Holder,Multi-function steering wheel,Power windows,Rain sensor,Seat heating,Split rear seats,Start-stop system,Tinted windows","['Bluetooth', 'On-board computer', 'Radio', 'Sound system']","['Alloy wheels', 'Catalytic Converter']","['Central door lock with remote control', 'Driver-side airbag', 'Electronic stability control', 'Emergency system', 'Head airbag', 'Immobilizer', 'Isofix', 'LED Daytime Running Lights', 'Passenger-side airbag', 'Power steering', 'Side airbag', 'Tire pressure monitoring system', 'Traction control', 'Traffic sign recognition']",6.0,,No,,6.0,7.7,4.9,136.0,Cloth
12193,12193,Opel Insignia,Sedans,20900,,15504.0,100.0,Used,Manual,,Benzine,,,,,,6.0,1.0,No,12.0,,,,,
12194,12194,Opel Insignia,Sedans,20900,,15504.0,100.0,Used,Manual,,Benzine,,,,,,6.0,1.0,No,12.0,,,,,
12211,12211,Opel Insignia,Sedans,20300,VAT deductible,17724.0,103.0,Used,Manual,,other_fuel,,"Air conditioning,Automatic climate control,Cruise control,Light sensor,Multi-function steering wheel,Navigation system,Park Distance Control,Parking assist system sensors front,Parking assist system sensors rear,Power windows,Rain sensor,Start-stop system","['Bluetooth', 'On-board computer']",['Alloy wheels'],"['Central door lock', 'Fog lights', 'Isofix']",,1.0,No,12.0,,,,,Cloth
12250,12250,Opel Insignia,Sedans,20000,,15541.0,100.0,Used,Manual,,Benzine,,,,,,6.0,1.0,No,12.0,,,,,
12251,12251,Opel Insignia,Sedans,20000,,15541.0,100.0,Used,Manual,,Benzine,,,,,,6.0,1.0,No,12.0,,,,,
12352,12352,Opel Insignia,Station wagon,19970,VAT deductible,29815.0,121.0,Used,Manual,,other_fuel,,"Air conditioning,Armrest,Automatic climate control,Cruise control,Electrical side mirrors,Electric tailgate,Heated steering wheel,Hill Holder,Leather steering wheel,Light sensor,Lumbar support,Multi-function steering wheel,Navigation system,Park Distance Control,Parking assist system camera,Parking assist system sensors front,Parking assist system sensors rear,Power windows,Rain sensor,Seat heating,Start-stop system","['Bluetooth', 'Hands-free equipment', 'Radio', 'USB']","['Alloy wheels', 'Roof rack', 'Sport seats', 'Touch screen', 'Voice Control']","['ABS', 'Central door lock', 'Daytime running lights', 'Driver-side airbag', 'Electronic stability control', 'Emergency brake assistant', 'Fog lights', 'Immobilizer', 'Isofix', 'Lane departure warning system', 'LED Daytime Running Lights', 'LED Headlights', 'Passenger-side airbag', 'Power steering', 'Side airbag', 'Tire pressure monitoring system', 'Traction control']",,1.0,No,,,,,,Part leather
12367,12367,Opel Insignia,Sedans,19902,VAT deductible,,103.0,New,Manual,,other_fuel,126.0,,,,,,,No,,5.0,7.0,4.6,126.0,
12701,12701,Opel Insignia,Sedans,25864,VAT deductible,,120.0,New,Automatic,,other_fuel,139.0,"Air conditioning,Automatic climate control,Cruise control,Electrically heated windshield,Electrical side mirrors,Heated steering wheel,Hill Holder,Keyless central door lock,Leather steering wheel,Multi-function steering wheel,Navigation system,Park Distance Control,Parking assist system camera,Parking assist system sensors front,Parking assist system sensors rear,Power windows,Rain sensor,Seat heating,Split rear seats,Start-stop system,Tinted windows","['Bluetooth', 'Digital radio', 'On-board computer', 'Radio', 'Sound system', 'USB']","['Alloy wheels', 'Catalytic Converter', 'Sport seats', 'Touch screen']","['ABS', 'Daytime running lights', 'Driver-side airbag', 'Electronic stability control', 'Emergency brake assistant', 'Emergency system', 'Fog lights', 'Head airbag', 'Immobilizer', 'Isofix', 'LED Daytime Running Lights', 'LED Headlights', 'Passenger-side airbag', 'Power steering', 'Rear airbag', 'Side airbag', 'Tire pressure monitoring system', 'Traction control', 'Traffic sign recognition']",6.0,,No,,6.0,7.6,5.2,139.0,Part leather
12730,12730,Opel Insignia,Sedans,26668,VAT deductible,,120.0,New,Automatic,,other_fuel,139.0,"Air conditioning,Automatic climate control,Cruise control,Electrically heated windshield,Electrical side mirrors,Heated steering wheel,Hill Holder,Keyless central door lock,Leather steering wheel,Multi-function steering wheel,Navigation system,Park Distance Control,Parking assist system camera,Parking assist system sensors front,Parking assist system sensors rear,Power windows,Rain sensor,Seat heating,Split rear seats,Start-stop system,Tinted windows","['Bluetooth', 'Digital radio', 'On-board computer', 'Radio', 'Sound system', 'USB']","['Alloy wheels', 'Catalytic Converter', 'Sport seats', 'Touch screen']","['ABS', 'Daytime running lights', 'Driver-side airbag', 'Electronic stability control', 'Emergency brake assistant', 'Emergency system', 'Fog lights', 'Head airbag', 'Immobilizer', 'Isofix', 'LED Daytime Running Lights', 'LED Headlights', 'Passenger-side airbag', 'Power steering', 'Rear airbag', 'Side airbag', 'Tire pressure monitoring system', 'Traction control', 'Traffic sign recognition']",6.0,,No,,6.0,7.6,5.2,139.0,Part leather
12907,12907,Opel Insignia,Sedans,25980,VAT deductible,,125.0,New,Manual,,Benzine,136.0,"Air conditioning,Automatic climate control,Cruise control,Multi-function steering wheel,Power windows,Rain sensor,Start-stop system","['Bluetooth', 'On-board computer', 'Radio']",,"['ABS', 'Central door lock', 'Daytime running lights', 'Driver-side airbag', 'Electronic stability control', 'Immobilizer', 'Isofix', 'Passenger-side airbag', 'Power steering', 'Side airbag']",,,No,,5.0,6.7,4.3,136.0,Cloth
12929,12929,Opel Insignia,Sedans,27900,,6800.0,125.0,Used,Manual,,Benzine,,,,,,6.0,0.0,No,12.0,,,,,
12930,12930,Opel Insignia,Sedans,27900,,6800.0,125.0,Used,Manual,,Benzine,,,,,,6.0,0.0,No,12.0,,,,,
12971,12971,Opel Insignia,Sedans,22280,VAT deductible,,81.0,New,Manual,,Benzine,113.0,"Air conditioning,Automatic climate control,Cruise control,Multi-function steering wheel,Power windows,Rain sensor,Start-stop system","['Bluetooth', 'On-board computer', 'Radio']",,"['ABS', 'Central door lock', 'Daytime running lights', 'Driver-side airbag', 'Electronic stability control', 'Immobilizer', 'Isofix', 'Passenger-side airbag', 'Power steering', 'Side airbag']",,,No,,4.0,4.9,3.9,113.0,Cloth
12976,12976,Opel Insignia,Station wagon,22167,VAT deductible,,103.0,New,Manual,,other_fuel,136.0,"Air conditioning,Armrest,Automatic climate control,Cruise control,Electrically heated windshield,Electrical side mirrors,Heated steering wheel,Hill Holder,Multi-function steering wheel,Power windows,Rain sensor,Seat heating,Split rear seats,Start-stop system,Tinted windows","['Bluetooth', 'On-board computer', 'Radio', 'Sound system']","['Alloy wheels', 'Catalytic Converter']","['Central door lock with remote control', 'Driver-side airbag', 'Electronic stability control', 'Emergency system', 'Head airbag', 'Immobilizer', 'Isofix', 'LED Daytime Running Lights', 'Passenger-side airbag', 'Power steering', 'Side airbag', 'Tire pressure monitoring system', 'Traction control', 'Traffic sign recognition']",6.0,,No,,6.0,7.7,4.9,136.0,Cloth
12980,12980,Opel Insignia,Sedans,25500,,9300.0,100.0,Used,Manual,,Benzine,,,,,,6.0,0.0,No,12.0,,,,,
12981,12981,Opel Insignia,Sedans,25500,,9300.0,100.0,Used,Manual,,Benzine,,,,,,6.0,0.0,No,12.0,,,,,
12990,12990,Opel Insignia,Station wagon,25382,VAT deductible,,120.0,New,Manual,,other_fuel,139.0,"Air conditioning,Armrest,Automatic climate control,Cruise control,Electrically heated windshield,Electrical side mirrors,Heated steering wheel,Hill Holder,Keyless central door lock,Leather steering wheel,Lumbar support,Multi-function steering wheel,Navigation system,Park Distance Control,Parking assist system camera,Parking assist system sensors front,Parking assist system sensors rear,Power windows,Rain sensor,Seat heating,Split rear seats,Start-stop system,Tinted windows","['Bluetooth', 'Digital radio', 'On-board computer', 'Radio', 'Sound system', 'USB']","['Alloy wheels', 'Catalytic Converter', 'Sport seats', 'Touch screen']","['ABS', 'Daytime running lights', 'Driver drowsiness detection', 'Driver-side airbag', 'Electronic stability control', 'Emergency brake assistant', 'Emergency system', 'Fog lights', 'Head airbag', 'Immobilizer', 'Isofix', 'LED Daytime Running Lights', 'LED Headlights', 'Passenger-side airbag', 'Power steering', 'Rear airbag', 'Side airbag', 'Tire pressure monitoring system', 'Traction control', 'Traffic sign recognition']",6.0,,No,,6.0,7.6,5.2,139.0,Part leather
13014,13014,Opel Insignia,Sedans,24257,VAT deductible,,120.0,New,Manual,,other_fuel,139.0,"Air conditioning,Automatic climate control,Cruise control,Electrically heated windshield,Electrical side mirrors,Heated steering wheel,Hill Holder,Keyless central door lock,Leather steering wheel,Multi-function steering wheel,Navigation system,Park Distance Control,Parking assist system camera,Parking assist system sensors front,Parking assist system sensors rear,Power windows,Rain sensor,Seat heating,Split rear seats,Start-stop system,Tinted windows","['Bluetooth', 'Digital radio', 'On-board computer', 'Radio', 'Sound system', 'USB']","['Alloy wheels', 'Catalytic Converter', 'Sport seats', 'Touch screen']","['ABS', 'Daytime running lights', 'Driver-side airbag', 'Electronic stability control', 'Emergency brake assistant', 'Emergency system', 'Fog lights', 'Head airbag', 'Immobilizer', 'Isofix', 'LED Daytime Running Lights', 'LED Headlights', 'Passenger-side airbag', 'Power steering', 'Rear airbag', 'Side airbag', 'Tire pressure monitoring system', 'Traction control', 'Traffic sign recognition']",6.0,,No,,6.0,7.6,5.2,139.0,Part leather
13032,13032,Opel Insignia,Station wagon,24080,VAT deductible,,81.0,New,Manual,,Benzine,105.0,"Air conditioning,Automatic climate control,Cruise control,Electrical side mirrors,Navigation system,Power windows,Rain sensor,Start-stop system","['Bluetooth', 'On-board computer', 'Radio']",['Roof rack'],"['ABS', 'Central door lock', 'Daytime running lights', 'Driver-side airbag', 'Electronic stability control', 'Immobilizer', 'Isofix', 'Passenger-side airbag', 'Power steering', 'Side airbag']",,,No,,,4.6,3.6,105.0,Cloth
13131,13131,Renault Clio,Compact,15500,VAT deductible,11300.0,87.0,Used,Automatic,,other_fuel,120.0,"Air conditioning,Automatic climate control,Cruise control,Electrical side mirrors,Keyless central door lock,Leather steering wheel,Light sensor,Navigation system,Park Distance Control,Parking assist system camera,Parking assist system sensors front,Parking assist system sensors rear,Power windows,Rain sensor,Start-stop system","['Bluetooth', 'Digital radio', 'Hands-free equipment', 'MP3', 'On-board computer', 'Radio', 'USB']","['Alloy wheels', 'Catalytic Converter', 'Touch screen', 'Voice Control']","['ABS', 'Central door lock', 'Daytime running lights', 'Driver-side airbag', 'Electronic stability control', 'Fog lights', 'Immobilizer', 'Isofix', 'LED Daytime Running Lights', 'LED Headlights', 'Passenger-side airbag', 'Power steering', 'Side airbag', 'Tire pressure monitoring system', 'Traction control']",,1.0,No,,5.0,6.8,4.5,120.0,Part leather
13144,13144,Renault Clio,Compact,14990,,20261.0,,Used,Automatic,,other_fuel,,,,,,,3.0,No,12.0,,,,,
13198,13198,Renault Clio,Compact,15290,,13520.0,,Used,Automatic,,other_fuel,,,,,,,2.0,No,12.0,,,,,
13265,13265,Renault Clio,Station wagon,14440,,26500.0,87.0,Used,Automatic,,other_fuel,,"Air conditioning,Armrest,Automatic climate control,Cruise control,Electrical side mirrors,Hill Holder,Keyless central door lock,Leather steering wheel,Light sensor,Lumbar support,Multi-function steering wheel,Navigation system,Park Distance Control,Parking assist system sensors rear,Power windows,Rain sensor,Start-stop system","['Bluetooth', 'Hands-free equipment', 'On-board computer', 'Radio']","['Alloy wheels', 'Roof rack', 'Touch screen']","['ABS', 'Central door lock', 'Daytime running lights', 'Driver-side airbag', 'Electronic stability control', 'Fog lights', 'Immobilizer', 'Isofix', 'LED Daytime Running Lights', 'LED Headlights', 'Passenger-side airbag', 'Power steering', 'Side airbag', 'Tire pressure monitoring system', 'Traction control']",,2.0,No,,,,,,Part leather
13308,13308,Renault Clio,Sedans,12400,,,66.0,Used,Automatic,,Benzine,,"Air conditioning,Armrest,Cruise control,Leather steering wheel,Park Distance Control,Parking assist system self-steering","['On-board computer', 'Radio']",['Alloy wheels'],"['Central door lock', 'Daytime running lights', 'Fog lights', 'Isofix', 'LED Daytime Running Lights']",6.0,2.0,No,,,,,,
13328,13328,Renault Clio,Sedans,13470,,22914.0,66.0,Used,Automatic,,Benzine,,"Air conditioning,Automatic climate control,Cruise control,Navigation system,Park Distance Control","['On-board computer', 'Radio']",['Alloy wheels'],"['ABS', 'Central door lock', 'Electronic stability control', 'Fog lights', 'Immobilizer', 'Side airbag', 'Traction control']",,3.0,No,12.0,,,,,
13347,13347,Renault Clio,Station wagon,11500,VAT deductible,17000.0,66.0,Used,Automatic,,Benzine,,"Cruise control,Leather steering wheel,Multi-function steering wheel,Navigation system,Parking assist system sensors rear,Power windows,Split rear seats,Start-stop system","['Bluetooth', 'CD player', 'Digital radio', 'Hands-free equipment', 'MP3', 'On-board computer', 'Radio', 'Sound system', 'USB']","['Alloy wheels', 'Roof rack', 'Touch screen']","['ABS', 'Central door lock', 'Electronic stability control', 'Power steering']",,3.0,No,,,,,,Cloth
13388,13388,Renault Clio,Compact,9900,,14230.0,66.0,Used,Automatic,,Benzine,,,,,,6.0,3.0,No,12.0,,,,,
13397,13397,Renault Clio,Sedans,8490,,23863.0,,Used,Automatic,,other_fuel,,"Air conditioning,Cruise control,Navigation system",['On-board computer'],,['Driver-side airbag'],,3.0,No,,,,,,
13864,13864,Renault Clio,Compact,16990,,10.0,,New,Automatic,,Benzine,,,,,,,0.0,No,12.0,,,,,
13885,13885,Renault Clio,Compact,8990,,9751.0,4.0,Used,Manual,,other_fuel,,Power windows,['On-board computer'],,"['ABS', 'Driver-side airbag', 'Immobilizer', 'Passenger-side airbag', 'Power steering', 'Side airbag']",,2.0,No,12.0,,,,,
14048,14048,Renault Clio,Compact,16390,,10.0,,New,Automatic,,Benzine,,,,,,,0.0,No,12.0,,,,,
14050,14050,Renault Clio,Compact,16490,,10.0,,New,Automatic,,Benzine,,,,,,,0.0,No,12.0,,,,,
14057,14057,Renault Clio,Compact,16990,,22750.0,,Used,Automatic,,other_fuel,,,,,,,2.0,No,12.0,,,,,
14058,14058,Renault Clio,Station wagon,17590,,10500.0,66.0,Used,Automatic,,Benzine,,,,,,,1.0,No,,,,,,
14059,14059,Renault Clio,Station wagon,16990,,10.0,,New,Automatic,,Benzine,,,,,,,0.0,No,12.0,,,,,
14455,14455,Renault Clio,Sedans,22800,,6000.0,147.0,Used,Automatic,,other_fuel,,"Armrest,Cruise control,Electrical side mirrors,Leather steering wheel,Light sensor,Multi-function steering wheel,Rain sensor,Seat heating,Split rear seats,Start-stop system","['Bluetooth', 'CD player', 'On-board computer', 'USB']","['Alloy wheels', 'Shift paddles', 'Sport package', 'Sport seats', 'Sport suspension', 'Touch screen']","['ABS', 'Central door lock', 'Electronic stability control', 'Fog lights', 'Immobilizer', 'Isofix', 'LED Daytime Running Lights', 'LED Headlights', 'Tire pressure monitoring system', 'Traction control']",,1.0,No,,,,,,Cloth
14728,14728,Renault Clio,Compact,11490,VAT deductible,10.0,55.0,New,Manual,,other_fuel,,"Air conditioning,Cruise control,Electrical side mirrors,Multi-function steering wheel,Power windows,Start-stop system","['Bluetooth', 'MP3', 'On-board computer', 'Radio', 'USB']",,"['ABS', 'Central door lock with remote control', 'Electronic stability control', 'Fog lights', 'Immobilizer', 'Isofix', 'LED Daytime Running Lights', 'Power steering']",,,No,,,,,,
14729,14729,Renault Clio,Compact,11490,VAT deductible,10.0,55.0,New,Manual,,other_fuel,,"Air conditioning,Cruise control,Electrical side mirrors,Multi-function steering wheel,Power windows,Start-stop system","['Bluetooth', 'MP3', 'On-board computer', 'Radio', 'USB']",,"['ABS', 'Central door lock with remote control', 'Electronic stability control', 'Fog lights', 'Immobilizer', 'Isofix', 'LED Daytime Running Lights', 'Power steering']",,,No,,,,,,
14775,14775,Renault Clio,Compact,10990,VAT deductible,10.0,55.0,New,Manual,,other_fuel,,"Air conditioning,Cruise control,Electrical side mirrors,Multi-function steering wheel,Power windows,Start-stop system","['Bluetooth', 'MP3', 'On-board computer', 'Radio', 'USB']",,"['ABS', 'Central door lock with remote control', 'Electronic stability control', 'Fog lights', 'Immobilizer', 'Isofix', 'LED Daytime Running Lights', 'Power steering']",,,No,,,,,,
14776,14776,Renault Clio,Compact,10990,VAT deductible,10.0,55.0,New,Manual,,other_fuel,,"Air conditioning,Cruise control,Electrical side mirrors,Multi-function steering wheel,Power windows,Start-stop system","['Bluetooth', 'MP3', 'On-board computer', 'Radio', 'USB']",,"['Central door lock with remote control', 'Electronic stability control', 'Fog lights', 'Immobilizer', 'Isofix', 'LED Daytime Running Lights', 'Power steering']",,,No,,,,,,
14777,14777,Renault Clio,Compact,10990,VAT deductible,10.0,55.0,New,Manual,,other_fuel,,"Air conditioning,Cruise control,Multi-function steering wheel,Power windows,Start-stop system","['Bluetooth', 'MP3', 'On-board computer', 'Radio', 'USB']",,"['ABS', 'Central door lock with remote control', 'Electronic stability control', 'Fog lights', 'Immobilizer', 'Isofix', 'LED Daytime Running Lights', 'Power steering']",,,No,,,,,,
14830,14830,Renault Clio,Station wagon,11100,,,55.0,New,Manual,,other_fuel,,"Air conditioning,Cruise control,Electrical side mirrors,Power windows","['Bluetooth', 'On-board computer', 'Radio', 'USB']",,"['ABS', 'Central door lock with remote control', 'Driver-side airbag', 'Electronic stability control', 'Immobilizer', 'Passenger-side airbag', 'Power steering', 'Side airbag', 'Tire pressure monitoring system']",,,No,,,,,,Cloth
14879,14879,Renault Clio,Station wagon,10964,VAT deductible,10.0,66.0,New,Manual,,other_fuel,113.0,"Air conditioning,Cruise control,Leather steering wheel,Power windows","['Bluetooth', 'Hands-free equipment', 'On-board computer', 'Radio', 'USB']",,"['ABS', 'Central door lock', 'Daytime running lights', 'Emergency brake assistant', 'Isofix']",6.0,,No,,,6.3,4.2,113.0,
14942,14942,Renault Espace,Van,24590,,16163.0,,Used,Automatic,,Benzine,,,,,,,2.0,No,12.0,,,,,
14956,14956,Renault Espace,Van,27790,VAT deductible,22220.0,118.0,Used,Automatic,,Benzine,,"Cruise control,Power windows",,['Alloy wheels'],"['ABS', 'Driver-side airbag', 'Passenger-side airbag', 'Side airbag', 'Traction control']",,2.0,No,12.0,4.0,,,,
14960,14960,Renault Espace,Van,25990,VAT deductible,15888.0,,Used,Automatic,,Benzine,,Cruise control,,['Alloy wheels'],"['ABS', 'Driver-side airbag', 'Passenger-side airbag', 'Side airbag', 'Traction control']",,2.0,No,12.0,4.0,,,,
14963,14963,Renault Espace,Van,25990,,16613.0,,Used,Automatic,,Benzine,,,,,,,2.0,No,12.0,,,,,
15008,15008,Renault Espace,Coupe,26994,,14478.0,118.0,Used,Automatic,,Benzine,,Park Distance Control,,,"['Driver-side airbag', 'Passenger-side airbag', 'Side airbag']",,1.0,No,,,,,,
15009,15009,Renault Espace,Van,26990,VAT deductible,4068.0,,Used,Automatic,,Benzine,,,,,,,1.0,No,12.0,4.0,,,,
15044,15044,Renault Espace,Van,24840,,12182.0,,Used,Automatic,,Benzine,,,,,,,2.0,No,12.0,,,,,
15047,15047,Renault Espace,Van,24790,,15328.0,,Used,Automatic,,Benzine,,,,,,,2.0,No,12.0,,,,,
15115,15115,Renault Espace,Van,22990,,22595.0,,Used,Automatic,,Benzine,,,,,,,2.0,No,12.0,,,,,
15128,15128,Renault Espace,Van,24490,,19939.0,,Used,Automatic,,Benzine,,,,,,,2.0,No,12.0,,,,,
15129,15129,Renault Espace,Van,24490,,18268.0,,Used,Automatic,,Benzine,,,,,,,2.0,No,12.0,,,,,
15142,15142,Renault Espace,Van,23990,,27377.0,,Used,Automatic,,Benzine,,,,,,,3.0,No,12.0,,,,,
15206,15206,Renault Espace,Van,21490,VAT deductible,29900.0,118.0,Used,Automatic,,Benzine,,"Air conditioning,Armrest,Automatic climate control,Cruise control,Electrically adjustable seats,Electrical side mirrors,Hill Holder,Keyless central door lock,Leather steering wheel,Multi-function steering wheel,Navigation system,Panorama roof,Park Distance Control,Parking assist system camera,Parking assist system sensors front,Parking assist system sensors rear,Power windows,Rain sensor,Split rear seats,Start-stop system,Tinted windows","['Bluetooth', 'Digital radio', 'Hands-free equipment', 'MP3', 'On-board computer', 'Radio', 'Sound system', 'USB']","['Alloy wheels', 'Touch screen', 'Voice Control']","['ABS', 'Adaptive Cruise Control', 'Alarm system', 'Central door lock with remote control', 'Driver-side airbag', 'Electronic stability control', 'Emergency system', 'Fog lights', 'Head airbag', 'Immobilizer', 'Isofix', 'Lane departure warning system', 'LED Daytime Running Lights', 'LED Headlights', 'Passenger-side airbag', 'Power steering', 'Rear airbag', 'Side airbag', 'Tire pressure monitoring system', 'Traction control', 'Traffic sign recognition', 'Xenon headlights']",,2.0,No,,,,,,Part leather
15285,15285,Renault Espace,Van,28465,VAT deductible,11.0,118.0,New,Manual,,Benzine,135.0,"Air conditioning,Automatic climate control,Cruise control,Electrical side mirrors,Light sensor,Lumbar support,Navigation system,Park Distance Control,Parking assist system sensors front,Parking assist system sensors rear,Power windows,Rain sensor,Start-stop system","['Bluetooth', 'CD player', 'Digital radio', 'Hands-free equipment', 'Radio', 'USB']",['Alloy wheels'],"['ABS', 'Daytime running lights', 'Driver-side airbag', 'Electronic stability control', 'Isofix', 'LED Daytime Running Lights', 'LED Headlights', 'Passenger-side airbag', 'Power steering', 'Side airbag', 'Tire pressure monitoring system', 'Traction control', 'Xenon headlights']",6.0,,No,,5.0,5.7,4.8,135.0,Cloth
15290,15290,Renault Espace,Van,28465,VAT deductible,11.0,118.0,New,Manual,,Benzine,135.0,"Air conditioning,Automatic climate control,Cruise control,Electrical side mirrors,Light sensor,Lumbar support,Navigation system,Park Distance Control,Parking assist system sensors front,Parking assist system sensors rear,Power windows,Rain sensor,Start-stop system","['Bluetooth', 'CD player', 'Digital radio', 'Hands-free equipment', 'Radio', 'USB']",['Alloy wheels'],"['ABS', 'Daytime running lights', 'Driver-side airbag', 'Electronic stability control', 'Isofix', 'LED Daytime Running Lights', 'LED Headlights', 'Passenger-side airbag', 'Power steering', 'Side airbag', 'Tire pressure monitoring system', 'Traction control', 'Xenon headlights']",6.0,,No,,5.0,5.7,4.8,135.0,Cloth
15303,15303,Renault Espace,Other,32900,,19600.0,,Used,Manual,,Benzine,,"Air conditioning,Automatic climate control,Electrical side mirrors",,,,,3.0,No,12.0,,,,,
15347,15347,Renault Espace,Van,27900,VAT deductible,13002.0,,Used,Automatic,,Benzine,,"Cruise control,Power windows",,['Alloy wheels'],"['ABS', 'Driver-side airbag', 'Passenger-side airbag', 'Side airbag', 'Traction control']",,2.0,No,12.0,4.0,,,,
15385,15385,Renault Espace,Van,23900,,35276.0,118.0,Used,Automatic,,Benzine,,Sunroof,,,,,2.0,No,,,,,,
15438,15438,Renault Espace,Van,32990,VAT deductible,13495.0,,Used,Automatic,,Benzine,,,,,,,1.0,No,12.0,4.0,,,,
15439,15439,Renault Espace,Van,32990,VAT deductible,16571.0,,Used,Automatic,,Benzine,,,,,,,1.0,No,12.0,4.0,,,,
15461,15461,Renault Espace,Van,32990,VAT deductible,19000.0,,Used,Automatic,,Benzine,,Sunroof,,,,,1.0,No,12.0,4.0,,,,
15462,15462,Renault Espace,Van,32990,VAT deductible,25102.0,,Used,Automatic,,Benzine,,,,,,,2.0,No,12.0,4.0,,,,
15463,15463,Renault Espace,Van,32900,,1.0,118.0,Pre-registered,Automatic,,Benzine,,"Air conditioning,Automatic climate control,Cruise control,Leather steering wheel,Park Distance Control","['Radio', 'USB']",['Alloy wheels'],"['ABS', 'Isofix', 'Power steering', 'Side airbag']",6.0,0.0,No,,,,,,
15464,15464,Renault Espace,Van,32900,,1.0,118.0,Pre-registered,Automatic,,Benzine,,"Air conditioning,Automatic climate control,Cruise control,Leather steering wheel,Park Distance Control","['Radio', 'USB']",['Alloy wheels'],"['ABS', 'Isofix', 'Power steering', 'Side airbag']",6.0,0.0,No,,,,,,
15467,15467,Renault Espace,Van,32900,,1.0,118.0,Pre-registered,Automatic,,Benzine,,"Air conditioning,Automatic climate control,Cruise control,Leather steering wheel,Park Distance Control","['Radio', 'USB']",['Alloy wheels'],"['ABS', 'Isofix', 'Power steering', 'Side airbag']",6.0,0.0,No,,,,,,
15468,15468,Renault Espace,Van,32900,VAT deductible,15824.0,,Used,Automatic,,Benzine,,,,,,,1.0,No,12.0,4.0,,,,
15472,15472,Renault Espace,Van,32935,,9350.0,,Used,Automatic,,Benzine,,"Air conditioning,Automatic climate control",,['Alloy wheels'],"['ABS', 'Electronic stability control']",,1.0,No,,,,,,
15475,15475,Renault Espace,Van,32900,,1.0,118.0,Pre-registered,Automatic,,Benzine,,"Air conditioning,Automatic climate control,Cruise control,Leather steering wheel,Park Distance Control","['Radio', 'USB']",['Alloy wheels'],"['ABS', 'Isofix', 'Power steering', 'Side airbag']",6.0,0.0,No,,,,,,
15477,15477,Renault Espace,Van,32900,VAT deductible,1.0,118.0,Pre-registered,Automatic,,Benzine,,"Air conditioning,Armrest,Automatic climate control,Cruise control,Electrical side mirrors,Hill Holder,Leather steering wheel,Light sensor,Multi-function steering wheel,Navigation system,Park Distance Control,Parking assist system camera,Power windows,Rain sensor,Start-stop system","['Bluetooth', 'MP3', 'On-board computer', 'Radio', 'Sound system', 'USB']",['Alloy wheels'],"['ABS', 'Adaptive headlights', 'Alarm system', 'Blind spot monitor', 'Central door lock', 'Daytime running lights', 'Electronic stability control', 'Fog lights', 'Isofix', 'Passenger-side airbag', 'Power steering', 'Side airbag', 'Traffic sign recognition']",6.0,2.0,No,,,,,,Full leather
15478,15478,Renault Espace,Van,32900,,1.0,118.0,Pre-registered,Automatic,,Benzine,,"Air conditioning,Automatic climate control,Cruise control,Leather steering wheel,Park Distance Control","['Radio', 'USB']",['Alloy wheels'],"['ABS', 'Isofix', 'Power steering', 'Side airbag']",6.0,0.0,No,,,,,,
15495,15495,Renault Espace,Van,32900,,1.0,118.0,Pre-registered,Automatic,,Benzine,,"Air conditioning,Automatic climate control,Cruise control,Leather steering wheel,Park Distance Control","['Radio', 'USB']",['Alloy wheels'],"['ABS', 'Isofix', 'Power steering', 'Side airbag']",6.0,0.0,No,,,,,,
15496,15496,Renault Espace,Van,32310,,16660.0,,Used,Automatic,,Benzine,,"Air conditioning,Automatic climate control",,['Alloy wheels'],"['ABS', 'Electronic stability control']",,1.0,No,,,,,,
15546,15546,Renault Espace,Van,30900,VAT deductible,850.0,,Used,Automatic,,other_fuel,,,,,,,1.0,No,12.0,6.0,,,,
15573,15573,Renault Espace,Van,31900,,22000.0,118.0,Employee's car,Automatic,,Benzine,,"Air conditioning,Automatic climate control,Cruise control,Leather steering wheel,Light sensor,Start-stop system","['MP3', 'Radio', 'USB']",['Alloy wheels'],"['ABS', 'Daytime running lights', 'Driver-side airbag', 'Fog lights', 'Isofix', 'Power steering', 'Side airbag']",6.0,1.0,No,,,,,,Full leather
15574,15574,Renault Espace,Van,31900,,1.0,118.0,Pre-registered,Automatic,160.0,Benzine,,"Air conditioning,Automatic climate control,Cruise control,Leather steering wheel,Park Distance Control","['Radio', 'USB']",['Alloy wheels'],"['ABS', 'Isofix', 'Power steering', 'Side airbag']",6.0,0.0,No,,,,,,
15575,15575,Renault Espace,Van,31900,,1.0,118.0,Pre-registered,Automatic,160.0,Benzine,,"Air conditioning,Automatic climate control,Cruise control,Leather steering wheel,Park Distance Control","['Radio', 'USB']",['Alloy wheels'],"['ABS', 'Isofix', 'Power steering', 'Side airbag']",6.0,0.0,No,,,,,,
15576,15576,Renault Espace,Van,31900,,1.0,118.0,Pre-registered,Automatic,160.0,Benzine,,"Air conditioning,Automatic climate control,Cruise control,Leather steering wheel,Park Distance Control","['Radio', 'USB']",['Alloy wheels'],"['ABS', 'Isofix', 'Power steering', 'Side airbag']",6.0,0.0,No,,,,,,
15577,15577,Renault Espace,Van,31900,,1.0,118.0,Pre-registered,Automatic,160.0,Benzine,,"Air conditioning,Automatic climate control,Cruise control,Leather steering wheel,Park Distance Control","['Radio', 'USB']",['Alloy wheels'],"['ABS', 'Isofix', 'Power steering', 'Side airbag']",6.0,0.0,No,,,,,,
15578,15578,Renault Espace,Van,31900,,1.0,118.0,Pre-registered,Automatic,160.0,Benzine,,"Air conditioning,Automatic climate control,Cruise control,Leather steering wheel,Park Distance Control","['Radio', 'USB']",['Alloy wheels'],"['ABS', 'Isofix', 'Power steering', 'Side airbag']",6.0,0.0,No,,,,,,
15579,15579,Renault Espace,Van,31900,,1.0,118.0,Pre-registered,Automatic,160.0,Benzine,,"Air conditioning,Automatic climate control,Cruise control,Leather steering wheel,Park Distance Control","['Radio', 'USB']",['Alloy wheels'],"['ABS', 'Isofix', 'Power steering', 'Side airbag']",6.0,0.0,No,,,,,,
15623,15623,Renault Espace,Van,28500,,22801.0,,Used,Automatic,,Benzine,,"Cruise control,Power windows",,['Alloy wheels'],"['ABS', 'Driver-side airbag', 'Passenger-side airbag', 'Side airbag', 'Traction control']",,2.0,No,12.0,4.0,,,,
15657,15657,Renault Espace,Van,34985,VAT deductible,120.0,118.0,Used,Automatic,,Benzine,123.0,"Air conditioning,Armrest,Automatic climate control,Cruise control,Electrically adjustable seats,Electrical side mirrors,Electric tailgate,Hill Holder,Keyless central door lock,Leather steering wheel,Light sensor,Lumbar support,Massage seats,Multi-function steering wheel,Navigation system,Panorama roof,Park Distance Control,Parking assist system camera,Parking assist system self-steering,Parking assist system sensors front,Parking assist system sensors rear,Power windows,Rain sensor,Seat heating,Start-stop system,Sunroof","['Bluetooth', 'Digital radio', 'Hands-free equipment', 'On-board computer', 'Radio', 'USB']","['Alloy wheels', 'Sport seats', 'Touch screen', 'Voice Control']","['ABS', 'Adaptive headlights', 'Blind spot monitor', 'Central door lock', 'Daytime running lights', 'Driver-side airbag', 'Electronic stability control', 'Immobilizer', 'Isofix', 'Lane departure warning system', 'LED Daytime Running Lights', 'LED Headlights', 'Passenger-side airbag', 'Power steering', 'Side airbag', 'Tire pressure monitoring system', 'Traction control']",,1.0,No,,4.0,5.1,4.4,123.0,Full leather
15743,15743,Renault Espace,Van,34990,,7900.0,165.0,Used,Automatic,,other_fuel,,"Air conditioning,Automatic climate control,Cruise control,Navigation system,Power windows,Sunroof",,,['Power steering'],,1.0,No,12.0,,,,,
15758,15758,Renault Espace,Van,34200,,1.0,118.0,Employee's car,Automatic,,Benzine,,"Air conditioning,Automatic climate control,Cruise control,Leather steering wheel,Park Distance Control,Parking assist system self-steering,Start-stop system","['Radio', 'USB']",['Alloy wheels'],"['ABS', 'Isofix', 'Power steering', 'Side airbag']",6.0,1.0,No,,,,,,
15760,15760,Renault Espace,Van,34200,,1.0,118.0,Employee's car,Automatic,,Benzine,,"Air conditioning,Automatic climate control,Cruise control,Leather steering wheel,Park Distance Control,Parking assist system self-steering,Start-stop system","['Radio', 'USB']",['Alloy wheels'],"['ABS', 'Isofix', 'Power steering', 'Side airbag']",6.0,1.0,No,,,,,,
15761,15761,Renault Espace,Van,34200,,1.0,118.0,Employee's car,Automatic,,Benzine,,"Air conditioning,Automatic climate control,Cruise control,Leather steering wheel,Park Distance Control,Parking assist system self-steering,Start-stop system","['Radio', 'USB']",['Alloy wheels'],"['ABS', 'Isofix', 'Power steering', 'Side airbag']",6.0,1.0,No,,,,,,
15762,15762,Renault Espace,Van,34200,,1.0,118.0,Employee's car,Automatic,,Benzine,,"Air conditioning,Automatic climate control,Cruise control,Leather steering wheel,Park Distance Control,Parking assist system self-steering,Start-stop system","['Radio', 'USB']",['Alloy wheels'],"['ABS', 'Isofix', 'Power steering', 'Side airbag']",6.0,1.0,No,,,,,,
15778,15778,Renault Espace,Van,34200,,1.0,118.0,Employee's car,Automatic,,Benzine,,"Air conditioning,Automatic climate control,Cruise control,Leather steering wheel,Park Distance Control,Parking assist system self-steering,Start-stop system","['Radio', 'USB']",['Alloy wheels'],"['ABS', 'Isofix', 'Power steering', 'Side airbag']",6.0,1.0,No,,,,,,
15785,15785,Renault Espace,Coupe,34140,VAT deductible,10.0,165.0,New,Automatic,,other_fuel,,Park Distance Control,,,"['Driver-side airbag', 'Passenger-side airbag', 'Side airbag']",,,No,,,,,,
15791,15791,Renault Espace,Van,33990,VAT deductible,10803.0,,Used,Automatic,,Benzine,,,,,,,1.0,No,12.0,4.0,,,,
15795,15795,Renault Espace,Van,34200,,1.0,118.0,Employee's car,Automatic,,Benzine,,"Air conditioning,Automatic climate control,Cruise control,Leather steering wheel,Park Distance Control,Parking assist system self-steering,Start-stop system","['Radio', 'USB']",['Alloy wheels'],"['ABS', 'Isofix', 'Power steering', 'Side airbag']",6.0,1.0,No,,,,,,
